﻿{
  "type": "array",
  "background": "#212121",
  "content": [
    {
      "type": "array",
      "orientation": "vertical",
	  "background": "#212121",
      "margin": "10",
      "content": [
        {
          "type": "array",
          "orientation": "horizontal",
          "content": [
            {
              "type": "itemgrid",
              "h_alignment": "center",
			  "item_size": 32,
              "item_margin": "0,0,2,10",
              "rows": [
                [ "slingshot", "bombs", "bow", "firearrow", "dinsfire","lullaby", "minuet" ],
				[ "ocarina", "boomerang", "hookshot", "icearrow", "faroreswind", "epona", "bolero" ],
				[ "rutonote", "lens", "hammer", "lightarrow", "nayruslove", "saria", "serenade" ],
				[ "sword1", "sword3", "ironboots", "lift1", "agony", "sun", "requiem" ], 
				[ "redtunic", "bluetunic", "hoverboots", "scale1", "kidtrade", "time", "nocturne" ],
				[ "shield1", "shield2", "shield3", "skulltula", "adulttrade", "storm", "prelude" ],
              ]
            },
            {
              "type": "array",
              "orientation": "vertical",
              "content": [
                {
                  "type": "array",
                  "orientation": "vertical",
                  "content": [
                    {
						"type": "canvas",
						"width": 48,
						"height": 48,
						"margin": "1,8",
						"content": [
							{
							"type": "item",
							"item": "deku_label",
							"hit_test_visible": false,
							"margin": "0",
							"canvas_depth": 1,
							"width": 13,
							"height": 13
							},
							{
							"type": "item",
							"item": "deku",
							"margin": "0",
							"canvas_depth": 0,
							"width": 48,
							"height": 48
							},
							{
							"type": "item",
							"item": "deku_prize",
							"margin": "0",
							"canvas_depth": 1,
							"canvas_left": 30,
							"canvas_top": 30,
							"width": 18,
							"height": 18
							},
                
						]
					},
					{
						"type": "canvas",
						"width": 48,
						"height": 48,
						"margin": "1,8",
						"content": [
							{
							"type": "item",
							"item": "dodongo_label",
							"hit_test_visible": false,
							"margin": "0",
							"canvas_depth": 1,
							"width": 12,
							"height": 13
							},
							{
							"type": "item",
							"item": "dodongo",
							"margin": "0",
							"canvas_depth": 0,
							"width": 48,
							"height": 48
							},
							{
							"type": "item",
							"item": "dodongo_prize",
							"margin": "0",
							"canvas_depth": 1,
							"canvas_left": 30,
							"canvas_top": 30,
							"width": 18,
							"height": 18
							},
                
						]
					},
					{
						"type": "canvas",
						"width": 48,
						"height": 48,
						"margin": "1,8",
						"content": [
							{
							"type": "item",
							"item": "jabu_label",
							"hit_test_visible": false,
							"margin": "0",
							"canvas_depth": 1,
							"width": 12,
							"height": 13
							},
							{
							"type": "item",
							"item": "jabu",
							"margin": "0",
							"canvas_depth": 0,
							"width": 48,
							"height": 48
							},
							{
							"type": "item",
							"item": "jabu_prize",
							"margin": "0",
							"canvas_depth": 1,
							"canvas_left": 30,
							"canvas_top": 30,
							"width": 18,
							"height": 18
							},
                
						]
					},
					{
						"type": "canvas",
						"width": 48,
						"height": 48,
						"margin": "1,8",
						"content": [
							{
							"type": "item",
							"item": "free",
							"margin": "0",
							"canvas_depth": 0,
							"width": 48,
							"height": 48
							},
							{
							"type": "item",
							"item": "free_prize",
							"margin": "0",
							"canvas_depth": 1,
							"canvas_left": 30,
							"canvas_top": 30,
							"width": 18,
							"height": 18
							},
                
						]
					},
                  ]
                }
              ]
            }
          ]
        },
		{
          "type": "array",
          "orientation": "horizontal",
          "content": [
            {
              "type": "array",
              "orientation": "vertical",
              "content": [
                {
                  "type": "array",
                  "orientation": "horizontal",
                  "content": [
                    {
						"type": "canvas",
						"width": 48,
						"height": 48,
						"margin": "6,0",
						"content": [
							{
							"type": "item",
							"item": "forest_label",
							"hit_test_visible": false,
							"margin": "0",
							"canvas_depth": 1,
							"width": 13,
							"height": 13
							},
							{
							"type": "item",
							"item": "forest",
							"margin": "0",
							"canvas_depth": 0,
							"width": 48,
							"height": 48
							},
							{
							"type": "item",
							"item": "forest_prize",
							"margin": "0",
							"canvas_depth": 1,
							"canvas_left": 30,
							"canvas_top": 30,
							"width": 18,
							"height": 18
							},
                
						]
					},
					{
						"type": "canvas",
						"width": 48,
						"height": 48,
						"margin": "6,0",
						"content": [
							{
							"type": "item",
							"item": "fire_label",
							"hit_test_visible": false,
							"margin": "0",
							"canvas_depth": 1,
							"width": 16,
							"height": 13
							},
							{
							"type": "item",
							"item": "fire",
							"margin": "0",
							"canvas_depth": 0,
							"width": 48,
							"height": 48
							},
							{
							"type": "item",
							"item": "fire_prize",
							"margin": "0",
							"canvas_depth": 1,
							"canvas_left": 30,
							"canvas_top": 30,
							"width": 18,
							"height": 18
							},
                
						]
					},
					{
						"type": "canvas",
						"width": 48,
						"height": 48,
						"margin": "6,0",
						"content": [
							{
							"type": "item",
							"item": "water_label",
							"hit_test_visible": false,
							"margin": "0",
							"canvas_depth": 1,
							"width": 14,
							"height": 13
							},
							{
							"type": "item",
							"item": "water",
							"margin": "0",
							"canvas_depth": 0,
							"width": 48,
							"height": 48
							},
							{
							"type": "item",
							"item": "water_prize",
							"margin": "0",
							"canvas_depth": 1,
							"canvas_left": 30,
							"canvas_top": 30,
							"width": 18,
							"height": 18
							},
                
						]
					},
					{
						"type": "canvas",
						"width": 48,
						"height": 48,
						"margin": "6,0",
						"content": [
							{
							"type": "item",
							"item": "shadow_label",
							"hit_test_visible": false,
							"margin": "0",
							"canvas_depth": 1,
							"width": 13,
							"height": 13
							},
							{
							"type": "item",
							"item": "shadow",
							"margin": "0",
							"canvas_depth": 0,
							"width": 48,
							"height": 48
							},
							{
							"type": "item",
							"item": "shadow_prize",
							"margin": "0",
							"canvas_depth": 1,
							"canvas_left": 30,
							"canvas_top": 30,
							"width": 18,
							"height": 18
							},
                
						]
					},
					{
						"type": "canvas",
						"width": 48,
						"height": 48,
						"margin": "9,0",
						"content": [
							{
							"type": "item",
							"item": "spirit_label",
							"hit_test_visible": false,
							"margin": "0",
							"canvas_depth": 1,
							"width": 19,
							"height": 15
							},
							{
							"type": "item",
							"item": "spirit",
							"margin": "0",
							"canvas_depth": 0,
							"width": 48,
							"height": 48
							},
							{
							"type": "item",
							"item": "spirit_prize",
							"margin": "0",
							"canvas_depth": 1,
							"canvas_left": 30,
							"canvas_top": 30,
							"width": 18,
							"height": 18
							},
                
						]
					},
                  ]
                },
              ]
            }
          ]
        },
      ]
    },
  ]
}

