﻿{
  "map_enabled": true,
  "auto_pin_capturing_locations": false,
  "auto_unpin_on_clear": true,
  "allow_resize": false,
  "layout_swap_left_right": false,
  "disabled_image_filter": "dim",
  "layouts": {
    "shared_item_grid": {
      "type": "array",
      "orientation": "vertical",
      "content": [
        {
          "type": "array",
          "orientation": "horizontal",
          "content": [
            {
              "type": "itemgrid",
              "h_alignment": "center",
			  "item_size": 32,
              "item_margin": "0,0,2,10",
              "rows": [
                [ "slingshot", "bombs", "bow", "firearrow", "dinsfire","lullaby", "minuet" ],
				[ "ocarina", "boomerang", "hookshot", "icearrow", "faroreswind", "epona", "bolero" ],
				[ "rutonote", "lens", "hammer", "lightarrow", "nayruslove", "saria", "serenade" ],
				[ "sword1", "sword3", "ironboots", "lift1", "agony", "sun", "requiem" ], 
				[ "redtunic", "bluetunic", "hoverboots", "scale1", "kidtrade", "time", "nocturne" ],
				[ "shield1", "shield2", "shield3", "skulltula", "adulttrade", "storm", "prelude" ],
              ]
            },
            {
              "type": "array",
              "orientation": "vertical",
              "content": [
                {
                  "type": "array",
                  "orientation": "vertical",
                  "content": [
                    {
						"type": "canvas",
						"width": 48,
						"height": 48,
						"margin": "1,8",
						"content": [
							{
							"type": "item",
							"item": "deku_label",
							"hit_test_visible": false,
							"margin": "0",
							"canvas_depth": 1,
							"width": 13,
							"height": 13
							},
							{
							"type": "item",
							"item": "deku",
							"margin": "0",
							"canvas_depth": 0,
							"width": 48,
							"height": 48
							},
							{
							"type": "item",
							"item": "deku_treasures",
							"margin": "0",
							"canvas_depth": 1,
							"canvas_top": 28,
							"width": 22,
							"height": 20
							},
							{
							"type": "item",
							"item": "deku_prize",
							"margin": "0",
							"canvas_depth": 1,
							"canvas_left": 30,
							"canvas_top": 30,
							"width": 18,
							"height": 18
							},
                
						]
					},
					{
						"type": "canvas",
						"width": 48,
						"height": 48,
						"margin": "1,8",
						"content": [
							{
							"type": "item",
							"item": "dodongo_label",
							"hit_test_visible": false,
							"margin": "0",
							"canvas_depth": 1,
							"width": 12,
							"height": 13
							},
							{
							"type": "item",
							"item": "dodongo",
							"margin": "0",
							"canvas_depth": 0,
							"width": 48,
							"height": 48
							},
							{
							"type": "item",
							"item": "dodongo_treasures",
							"margin": "0",
							"canvas_depth": 1,
							"canvas_top": 28,
							"width": 22,
							"height": 20
							},
							{
							"type": "item",
							"item": "dodongo_prize",
							"margin": "0",
							"canvas_depth": 1,
							"canvas_left": 30,
							"canvas_top": 30,
							"width": 18,
							"height": 18
							},
                
						]
					},
					{
						"type": "canvas",
						"width": 48,
						"height": 48,
						"margin": "1,8",
						"content": [
							{
							"type": "item",
							"item": "jabu_label",
							"hit_test_visible": false,
							"margin": "0",
							"canvas_depth": 1,
							"width": 12,
							"height": 13
							},
							{
							"type": "item",
							"item": "jabu",
							"margin": "0",
							"canvas_depth": 0,
							"width": 48,
							"height": 48
							},
							{
							"type": "item",
							"item": "jabu_treasures",
							"margin": "0",
							"canvas_depth": 1,
							"canvas_top": 28,
							"width": 22,
							"height": 20
							},
							{
							"type": "item",
							"item": "jabu_prize",
							"margin": "0",
							"canvas_depth": 1,
							"canvas_left": 30,
							"canvas_top": 30,
							"width": 18,
							"height": 18
							},
                
						]
					},
					{
						"type": "canvas",
						"width": 48,
						"height": 48,
						"margin": "1,8",
						"content": [
						{
							"type": "item",
							"item": "free_label",
							"hit_test_visible": false,
							"margin": "0",
							"canvas_depth": 1,
							"width": 23,
							"height": 13
							},
							{
							"type": "item",
							"item": "free",
							"margin": "0",
							"canvas_depth": 0,
							"width": 48,
							"height": 48
							},
							{
							"type": "item",
							"item": "free_prize",
							"margin": "0",
							"canvas_depth": 1,
							"canvas_left": 30,
							"canvas_top": 30,
							"width": 18,
							"height": 18
							},
                
						]
					},
                  ]
                }
              ]
            }
          ]
        },
		{
          "type": "array",
          "orientation": "horizontal",
          "content": [
            {
              "type": "array",
              "orientation": "vertical",
              "content": [
                {
                  "type": "array",
                  "orientation": "horizontal",
                  "content": [
                    {
						"type": "canvas",
						"width": 48,
						"height": 48,
						"margin": "6,0",
						"content": [
							{
							"type": "item",
							"item": "forest_label",
							"hit_test_visible": false,
							"margin": "0",
							"canvas_depth": 1,
							"width": 13,
							"height": 13
							},
							{
							"type": "item",
							"item": "forest",
							"margin": "0",
							"canvas_depth": 0,
							"width": 48,
							"height": 48
							},
							{
							"type": "item",
							"item": "forest_treasures",
							"margin": "0",
							"canvas_depth": 1,
							"canvas_top": 28,
							"width": 22,
							"height": 20
							},
							{
							"type": "item",
							"item": "forest_prize",
							"margin": "0",
							"canvas_depth": 1,
							"canvas_left": 30,
							"canvas_top": 30,
							"width": 18,
							"height": 18
							},
                
						]
					},
					{
						"type": "canvas",
						"width": 48,
						"height": 48,
						"margin": "6,0",
						"content": [
							{
							"type": "item",
							"item": "fire_label",
							"hit_test_visible": false,
							"margin": "0",
							"canvas_depth": 1,
							"width": 16,
							"height": 13
							},
							{
							"type": "item",
							"item": "fire",
							"margin": "0",
							"canvas_depth": 0,
							"width": 48,
							"height": 48
							},
							{
							"type": "item",
							"item": "fire_treasures",
							"margin": "0",
							"canvas_depth": 1,
							"canvas_top": 28,
							"width": 22,
							"height": 20
							},
							{
							"type": "item",
							"item": "fire_prize",
							"margin": "0",
							"canvas_depth": 1,
							"canvas_left": 30,
							"canvas_top": 30,
							"width": 18,
							"height": 18
							},
                
						]
					},
					{
						"type": "canvas",
						"width": 48,
						"height": 48,
						"margin": "6,0",
						"content": [
							{
							"type": "item",
							"item": "water_label",
							"hit_test_visible": false,
							"margin": "0",
							"canvas_depth": 1,
							"width": 14,
							"height": 13
							},
							{
							"type": "item",
							"item": "water",
							"margin": "0",
							"canvas_depth": 0,
							"width": 48,
							"height": 48
							},
							{
							"type": "item",
							"item": "water_treasures",
							"margin": "0",
							"canvas_depth": 1,
							"canvas_top": 28,
							"width": 22,
							"height": 20
							},
							{
							"type": "item",
							"item": "water_prize",
							"margin": "0",
							"canvas_depth": 1,
							"canvas_left": 30,
							"canvas_top": 30,
							"width": 18,
							"height": 18
							},
                
						]
					},
					{
						"type": "canvas",
						"width": 48,
						"height": 48,
						"margin": "6,0",
						"content": [
							{
							"type": "item",
							"item": "shadow_label",
							"hit_test_visible": false,
							"margin": "0",
							"canvas_depth": 1,
							"width": 13,
							"height": 13
							},
							{
							"type": "item",
							"item": "shadow",
							"margin": "0",
							"canvas_depth": 0,
							"width": 48,
							"height": 48
							},
							{
							"type": "item",
							"item": "shadow_treasures",
							"margin": "0",
							"canvas_depth": 1,
							"canvas_top": 28,
							"width": 22,
							"height": 20
							},
							{
							"type": "item",
							"item": "shadow_prize",
							"margin": "0",
							"canvas_depth": 1,
							"canvas_left": 30,
							"canvas_top": 30,
							"width": 18,
							"height": 18
							},
                
						]
					},
					{
						"type": "canvas",
						"width": 48,
						"height": 48,
						"margin": "9,0",
						"content": [
							{
							"type": "item",
							"item": "spirit_label",
							"hit_test_visible": false,
							"margin": "0",
							"canvas_depth": 1,
							"width": 19,
							"height": 15
							},
							{
							"type": "item",
							"item": "spirit",
							"margin": "0",
							"canvas_depth": 0,
							"width": 48,
							"height": 48
							},
							{
							"type": "item",
							"item": "spirit_treasures",
							"margin": "0",
							"canvas_depth": 1,
							"canvas_top": 28,
							"width": 22,
							"height": 20
							},
							{
							"type": "item",
							"item": "spirit_prize",
							"margin": "0",
							"canvas_depth": 1,
							"canvas_left": 30,
							"canvas_top": 30,
							"width": 18,
							"height": 18
							},
                
						]
					},
                  ]
                },
				{
                  "type": "array",
                  "orientation": "horizontal",
                  "content": [
					{
                      "type": "itemgrid",
                      "h_alignment": "center",
                      "item_margin": "1,1",
                      "item_height": 16,
                      "item_width": 58,
					  "margin": "33,5,0,0",
                      "badge_font_size": 10,
                      "rows": [
						[ "ice_label" ],
						[ "well_label" ]
                      ]
                    },
					{
                      "type": "itemgrid",
                      "h_alignment": "center",
                      "item_margin": "1,1",
                      "item_height": 16,
                      "item_width": 16,
					  "margin": "0,5",
                      "badge_font_size": 10,
                      "rows": [
						[ "ice_treasures" ],
						[ "well_treasures" ]
                      ]
                    },
					{
                      "type": "itemgrid",
                      "h_alignment": "center",
                      "item_margin": "1,1",
                      "item_height": 16,
                      "item_width": 58,
					  "margin": "1,5,0,0",
                      "badge_font_size": 10,
                      "rows": [
						[ "gerudo_label" ],
						[ "ganon_label" ]
						
                      ]
                    },
					{
                      "type": "itemgrid",
                      "h_alignment": "center",
                      "item_margin": "1,1",
                      "item_height": 16,
                      "item_width": 16,
					  "margin": "0,5",
                      "badge_font_size": 10,
                      "rows": [
						[ "gerudo_treasures" ],
						[ "ganon_treasures" ]
                      ]
                    },
                  ]
                }
              ]
            }
          ]
        },
      ]
    },
    "tracker_default": {
      "type": "container",
      "width": 350,
      //"height": 250,
      "background": "#212121",
      "content": {
        "type": "layout",
        "dropshadow": true,
        "margin": 10,
        "key": "shared_item_grid"
      }
    }
  }
}
