﻿{
  "type": "array",
  "background": "#212121",
  "content": [
    {
      "type": "array",
      "orientation": "vertical",
	  "margin": "10",
      "content": [
        {
          "type": "array",
          "orientation": "horizontal",
          "content": [
            {
              "type": "itemgrid",
              "h_alignment": "center",
			  "item_size": 32,
              "item_margin": "2,5,2,6",
              "rows": [
                [ "slingshot", "bombs", "bow", "firearrow", "dinsfire","lullaby", "minuet" ],
				[ "ocarina", "boomerang", "hookshot", "icearrow", "faroreswind", "epona", "bolero" ],
				[ "rutonote", "lens", "hammer", "lightarrow", "nayruslove", "saria", "serenade" ],
				[ "sword1", "sword3", "ironboots", "lift1", "agony", "sun", "requiem" ], 
				[ "redtunic", "bluetunic", "hoverboots", "scale1", "kidtrade", "time", "nocturne" ],
				[ "shield1", "shield2", "shield3", "skulltula", "adulttrade", "storm", "prelude" ],
              ]
            },
            {
              "type": "array",
              "orientation": "vertical",
              "content": [
                {
                  "type": "array",
                  "orientation": "vertical",
                  "content": [
				    {
						"type": "canvas",
						"width": 102,
						"height": 16,
						"margin": "2,2",
						"content": [
							{
							"type": "item",
							"item": "deku_label",
							"hit_test_visible": false,
							"margin": "0",
							"canvas_depth": 0,
							"canvas_top": 2,
							"width": 32,
							"height": 12
							},
							{
							"type": "item",
							"item": "deku",
							"margin": "0",
							"canvas_depth": 1,
							"canvas_left": 32,
							"width": 16,
							"height": 16
							},
							{
							"type": "item",
							"item": "deku_treasures",
							"margin": "0",
							"canvas_depth": 1,
							"canvas_left": 48,
							"width": 22,
							"height": 16
							},
						]
					},
					{
						"type": "canvas",
						"width": 102,
						"height": 16,
						"margin": "2,2",
						"content": [
							{
							"type": "item",
							"item": "dodongo_label",
							"hit_test_visible": false,
							"margin": "0",
							"canvas_depth": 0,
							"canvas_top": 2,
							"width": 32,
							"height": 12
							},
							{
							"type": "item",
							"item": "dodongo",
							"margin": "0",
							"canvas_depth": 1,
							"canvas_left": 32,
							"width": 16,
							"height": 16
							},
							{
							"type": "item",
							"item": "dodongo_treasures",
							"margin": "0",
							"canvas_depth": 1,
							"canvas_left": 48,
							"width": 22,
							"height": 16
							},
						]
					},
					{
						"type": "canvas",
						"width": 102,
						"height": 16,
						"margin": "2,2",
						"content": [
							{
							"type": "item",
							"item": "jabu_label",
							"hit_test_visible": false,
							"margin": "0",
							"canvas_depth": 0,
							"canvas_top": 2,
							"width": 32,
							"height": 12
							},
							{
							"type": "item",
							"item": "jabu",
							"margin": "0",
							"canvas_depth": 1,
							"canvas_left": 32,
							"width": 16,
							"height": 16
							},
							{
							"type": "item",
							"item": "jabu_treasures",
							"margin": "0",
							"canvas_depth": 1,
							"canvas_left": 48,
							"width": 22,
							"height": 16
							},
						]
					},
					{
						"type": "canvas",
						"width": 102,
						"height": 16,
						"margin": "2,2",
						"content": [
							{
							"type": "item",
							"item": "free_label",
							"hit_test_visible": false,
							"margin": "0",
							"canvas_depth": 0,
							"canvas_top": 2,
							"width": 32,
							"height": 12
							},
							{
							"type": "item",
							"item": "free",
							"margin": "0",
							"canvas_depth": 1,
							"canvas_left": 32,
							"width": 16,
							"height": 16
							},
						]
					},
                    {
						"type": "canvas",
						"width": 102,
						"height": 16,
						"margin": "2,2",
						"content": [
							{
							"type": "item",
							"item": "forest_label",
							"hit_test_visible": false,
							"margin": "0",
							"canvas_depth": 0,
							"canvas_top": 2,
							"width": 32,
							"height": 12
							},
							{
							"type": "item",
							"item": "forest",
							"margin": "0",
							"canvas_depth": 1,
							"canvas_left": 32,
							"width": 16,
							"height": 16
							},
							{
							"type": "item",
							"item": "forest_treasures",
							"margin": "0",
							"canvas_depth": 1,
							"canvas_left": 48,
							"width": 22,
							"height": 16
							},
							{
							"type": "item",
							"item": "forest_key",
							"margin": "0",
							"canvas_depth": 1,
							"canvas_left": 70,
							"width": 16,
							"height": 16
							},
							{
							"type": "item",
							"item": "forest_boss",
							"margin": "0",
							"canvas_depth": 1,
							"canvas_left": 86,
							"width": 16,
							"height": 16
							},
						]
					},
					{
						"type": "canvas",
						"width": 102,
						"height": 16,
						"margin": "2,2",
						"content": [
							{
							"type": "item",
							"item": "fire_label",
							"hit_test_visible": false,
							"margin": "0",
							"canvas_depth": 0,
							"canvas_top": 2,
							"width": 32,
							"height": 12
							},
							{
							"type": "item",
							"item": "fire",
							"margin": "0",
							"canvas_depth": 1,
							"canvas_left": 32,
							"width": 16,
							"height": 16
							},
							{
							"type": "item",
							"item": "fire_treasures",
							"margin": "0",
							"canvas_depth": 1,
							"canvas_left": 48,
							"width": 22,
							"height": 16
							},
							{
							"type": "item",
							"item": "fire_key",
							"margin": "0",
							"canvas_depth": 1,
							"canvas_left": 70,
							"width": 16,
							"height": 16
							},
							{
							"type": "item",
							"item": "fire_boss",
							"margin": "0",
							"canvas_depth": 1,
							"canvas_left": 86,
							"width": 16,
							"height": 16
							},
						]
					},
					{
						"type": "canvas",
						"width": 102,
						"height": 16,
						"margin": "2,2",
						"content": [
							{
							"type": "item",
							"item": "ice_label",
							"hit_test_visible": false,
							"margin": "0",
							"canvas_depth": 0,
							"canvas_top": 2,
							"width": 32,
							"height": 12
							},
							{
							"type": "item",
							"item": "ice_treasures",
							"margin": "0",
							"canvas_depth": 1,
							"canvas_left": 48,
							"width": 22,
							"height": 16
							},
						]
					},
					{
						"type": "canvas",
						"width": 102,
						"height": 16,
						"margin": "2,2",
						"content": [
							{
							"type": "item",
							"item": "water_label",
							"hit_test_visible": false,
							"margin": "0",
							"canvas_depth": 0,
							"canvas_top": 2,
							"width": 32,
							"height": 12
							},
							{
							"type": "item",
							"item": "water",
							"margin": "0",
							"canvas_depth": 1,
							"canvas_left": 32,
							"width": 16,
							"height": 16
							},
							{
							"type": "item",
							"item": "water_treasures",
							"margin": "0",
							"canvas_depth": 1,
							"canvas_left": 48,
							"width": 22,
							"height": 16
							},
							{
							"type": "item",
							"item": "water_key",
							"margin": "0",
							"canvas_depth": 1,
							"canvas_left": 70,
							"width": 16,
							"height": 16
							},
							{
							"type": "item",
							"item": "water_boss",
							"margin": "0",
							"canvas_depth": 1,
							"canvas_left": 86,
							"width": 16,
							"height": 16
							},
						]
					},
					{
						"type": "canvas",
						"width": 102,
						"height": 16,
						"margin": "2,2",
						"content": [
							{
							"type": "item",
							"item": "well_label",
							"hit_test_visible": false,
							"margin": "0",
							"canvas_depth": 0,
							"canvas_top": 2,
							"width": 32,
							"height": 12
							},
							{
							"type": "item",
							"item": "well_treasures",
							"margin": "0",
							"canvas_depth": 1,
							"canvas_left": 48,
							"width": 22,
							"height": 16
							},
							{
							"type": "item",
							"item": "well_key",
							"margin": "0",
							"canvas_depth": 1,
							"canvas_left": 70,
							"width": 16,
							"height": 16
							},
						]
					},
					{
						"type": "canvas",
						"width": 102,
						"height": 16,
						"margin": "2,2",
						"content": [
							{
							"type": "item",
							"item": "shadow_label",
							"hit_test_visible": false,
							"margin": "0",
							"canvas_depth": 0,
							"canvas_top": 2,
							"width": 32,
							"height": 12
							},
							{
							"type": "item",
							"item": "shadow",
							"margin": "0",
							"canvas_depth": 1,
							"canvas_left": 32,
							"width": 16,
							"height": 16
							},
							{
							"type": "item",
							"item": "shadow_treasures",
							"margin": "0",
							"canvas_depth": 1,
							"canvas_left": 48,
							"width": 22,
							"height": 16
							},
							{
							"type": "item",
							"item": "shadow_key",
							"margin": "0",
							"canvas_depth": 1,
							"canvas_left": 70,
							"width": 16,
							"height": 16
							},
							{
							"type": "item",
							"item": "shadow_boss",
							"margin": "0",
							"canvas_depth": 1,
							"canvas_left": 86,
							"width": 16,
							"height": 16
							},
						]
					},
					{
						"type": "canvas",
						"width": 102,
						"height": 16,
						"margin": "2,2",
						"content": [
							{
							"type": "item",
							"item": "gerudo_label",
							"hit_test_visible": false,
							"margin": "0",
							"canvas_depth": 0,
							"canvas_top": 2,
							"width": 32,
							"height": 12
							},
							{
							"type": "item",
							"item": "gerudo_treasures",
							"margin": "0",
							"canvas_depth": 1,
							"canvas_left": 48,
							"width": 22,
							"height": 16
							},
							{
							"type": "item",
							"item": "gerudo_key",
							"margin": "0",
							"canvas_depth": 1,
							"canvas_left": 70,
							"width": 16,
							"height": 16
							},
						]
					},
					{
						"type": "canvas",
						"width": 102,
						"height": 16,
						"margin": "2,2",
						"content": [
							{
							"type": "item",
							"item": "spirit_label",
							"hit_test_visible": false,
							"margin": "0",
							"canvas_depth": 0,
							"canvas_top": 2,
							"width": 32,
							"height": 12
							},
							{
							"type": "item",
							"item": "spirit",
							"margin": "0",
							"canvas_depth": 1,
							"canvas_left": 32,
							"width": 16,
							"height": 16
							},
							{
							"type": "item",
							"item": "spirit_treasures",
							"margin": "0",
							"canvas_depth": 1,
							"canvas_left": 48,
							"width": 22,
							"height": 16
							},
							{
							"type": "item",
							"item": "spirit_key",
							"margin": "0",
							"canvas_depth": 1,
							"canvas_left": 70,
							"width": 16,
							"height": 16
							},
							{
							"type": "item",
							"item": "spirit_boss",
							"margin": "0",
							"canvas_depth": 1,
							"canvas_left": 86,
							"width": 16,
							"height": 16
							},
						]
					},
					{
						"type": "canvas",
						"width": 102,
						"height": 16,
						"margin": "2,2",
						"content": [
							{
							"type": "item",
							"item": "ganon_label",
							"hit_test_visible": false,
							"margin": "0",
							"canvas_depth": 0,
							"canvas_top": 2,
							"width": 32,
							"height": 12
							},
							{
							"type": "item",
							"item": "ganon_treasures",
							"margin": "0",
							"canvas_depth": 1,
							"canvas_left": 48,
							"width": 22,
							"height": 16
							},
							{
							"type": "item",
							"item": "ganon_key",
							"margin": "0",
							"canvas_depth": 1,
							"canvas_left": 70,
							"width": 16,
							"height": 16
							},
							{
							"type": "item",
							"item": "ganon_boss",
							"margin": "0",
							"canvas_depth": 1,
							"canvas_left": 86,
							"width": 16,
							"height": 16
							},
						]
					},
                  ]
                }
              ]
            }
          ]
        },
      ]
    },
  ]
}

