﻿{
  "type": "array",
  "background": "#212121",
  "margin": "10",
  "content": [
    {
      "type": "array",
      "background": "#212121",
      "margin": "10",
      "content": [
        {
          "type": "array",
          "dropshadow": true,
          "orientation": "vertical",
          "content": [
            {
              "type": "array",
              "orientation": "vertical",
              "content": [
                {
                  "type": "array",
                  "orientation": "horizontal",
                  "content": [
                    {
                      "type": "itemgrid",
                      "h_alignment": "center",
                      "item_margin": "0,0,2,10",
                      "rows": [
                        [ "slingshot", "bombs", "bow", "firearrow", "dinsfire","lullaby", "minuet", "forest" ],
						[ "ocarina", "boomerang", "hookshot", "icearrow", "faroreswind", "epona", "bolero", "fire" ],
						[ "bottle", "lens", "hammer", "lightarrow", "nayruslove", "saria", "serenade", "water" ],
						[ "sword1", "sword3", "ironboots", "lift1", "emerald", "sun", "requiem", "spirit" ], 
						[ "redtunic", "bluetunic", "hoverboots", "scale1", "ruby", "time", "nocturne", "shadow" ],
						[ "shield1", "shield2", "shield3", "agony", "sapphire", "storm", "prelude", "light" ],
                      ]
                    }
                  ]
                }
              ]
            }
          ]
        }
      ]
    }
  ]
}

