﻿[
  {
    "name": "Death Mountain",
    "color": "#934f17"
  },
  {
    "name": "Kakariko Area",
    "color": "#158134"
  },
  {
    "name": "Lost Woods",
    "color": "#033114"
  },
  {
    "name": "North Hyrule",
    "color": "#158134"
  },
  {
    "name": "Northeast Hyrule",
    "color": "#345a99"
  },
  {
    "name": "Central Hyrule",
    "color": "#701d43"
  },
  {
    "name": "Swamp Area",
    "color": "#0d8452"
  },
  {
    "name": "Lake Hylia",
    "color": "#345a99"
  },
  {
    "name": "Eastern Hyrule",
    "color": "#158134"
  },
  {
    "name": "Desert Area",
    "color": "#aa860d"
  },
  {
    "name": "Mire Area",
    "color": "#02473f"
  }
]