﻿[
  // Bow
 {
    "name": "Bow",
    "type": "progressive",
    "allow_disabled": false,
    "stages": [
      {
        "img": "images/bow.png",
        "img_mods": "@disabled",
        "codes": "bow"
      },
      {
        "img": "images/bow3.png",
      },
      {
        "img": "images/bow4.png",
      },
      {
        "img": "images/bow5.png",
      },
    ]
  },
  // Slingshot
 {
    "name": "Slingshot",
    "type": "progressive",
    "allow_disabled": false,
    "stages": [
      {
        "img": "images/slingshot.png",
        "img_mods": "@disabled",
        "codes": "slingshot,sling"
      },
      {
        "img": "images/sling3.png",
      },
      {
        "img": "images/sling4.png",
      },
      {
        "img": "images/sling5.png",
      },
    ]
  },
  // Deku Nuts
 {
    "name": "Deku Nuts",
    "type": "progressive",
    "allow_disabled": false,
    "stages": [
      {
        "img": "images/nut.png",
        "img_mods": "@disabled",
        "codes": "nuts,dekunuts"
      },
      {
        "img": "images/nut2.png",
      },
      {
        "img": "images/nut3.png",
      },
      {
        "img": "images/nut4.png",
      },
    ]
  },
  // Stone of Agony
  {
    "name": "Stone of Agony",
    "type": "toggle",
    "img": "images/agony.png",
    "codes": "agony"
  },
  // Gerudo Membership Card
  {
    "name": "Membership Card",
    "type": "toggle",
    "img": "images/membership.png",
    "codes": "membership,gerudo"
  },
  // Fire Arrows
  {
    "name": "Fire Arrows",
    "type": "toggle",
    "img": "images/firearrow.png",
    "codes": "firearrow"
  },
  // Ice Arrows
  {
    "name": "Ice Arrows",
    "type": "toggle",
    "img": "images/icearrow.png",
    "codes": "icearrow"
  },
  // Light Arrows
  {
    "name": "Light Arrows",
    "type": "toggle",
    "img": "images/lightarrow.png",
    "codes": "lightarrow"
  },
  // Magic Beans
  {
    "name": "Magic Beans",
    "type": "toggle",
    "img": "images/bean.png",
    "codes": "beans"
  },
  // Deku Sticks
 {
    "name": "Deku Sticks",
    "type": "progressive",
    "allow_disabled": false,
    "stages": [
      {
        "img": "images/stick.png",
        "img_mods": "@disabled",
        "codes": "sticks"
      },
      {
        "img": "images/stick1.png",
      },
      {
        "img": "images/stick2.png",
      },
      {
        "img": "images/stick3.png",
      },
    ]
  },
  // Bombs
 {
    "name": "Bombs",
    "type": "progressive",
    "allow_disabled": false,
    "stages": [
      {
        "img": "images/bomb.png",
        "img_mods": "@disabled",
        "codes": "bombs"
      },
      {
        "img": "images/bomb2.png",
      },
      {
        "img": "images/bomb3.png",
      },
      {
        "img": "images/bomb4.png",
      },
    ]
  },
  // Boomerang
  {
    "name": "Boomerang",
    "type": "toggle",
    "img": "images/boomerang.png",
    "codes": "boomerang"
  },
  // Magic
  {
    "name": "Magic",
    "type": "progressive",
	"stages": [
		{
		  "img": "images/magic1.png",
		  "codes": "magic"
		},
		{
		  "img": "images/magic2.png",
		},
	]
  },
  // Hookshot
  {
    "name": "Hookshot",
    "type": "progressive",
	"allow_disabled": false,
	"stages": [
		{
		  "img": "images/hookshotd.png",
		  "img_mods": "@disabled",
		},
		{
		  "img": "images/hookshot.png",
		  "codes": "hookshot,hs"
		},
		{
		  "img": "images/longshot.png",
		  "codes": "longshot,ls"
		},
	]
  },
  // Bombchu
  {
    "name": "Bombchu",
    "type": "toggle",
    "img": "images/bombchu.png",
    "codes": "bombchu"
  },
  // Lens of Truth
  {
    "name": "Lens of Truth",
    "type": "toggle",
    "img": "images/lens.png",
    "codes": "lens,lensoftruth"
  },
  // Din's Fire
  {
    "name": "Din's Fire",
    "type": "toggle",
    "img": "images/din.png",
    "codes": "dinsfire"
  },
  // Farore's Wind
  {
    "name": "Farore's Wind",
    "type": "toggle",
    "img": "images/farore.png",
    "codes": "faroreswind"
  },
  // Nayru's Love
  {
    "name": "Nayru's Love",
    "type": "toggle",
    "img": "images/nayru.png",
    "codes": "nayruslove"
  },
  // Zelda's Lullaby
  {
    "name": "Zelda's Lullaby",
    "type": "progressive_toggle",
	"stages": [
      {
		"img": "images/zelda.png",
		"codes": "lullaby"
	  },
	  {
		"img": "images/zelda-check.png",
		"disabled_img": "images/zelda-disabledcheck.png",
        "disabled_img_mods": "",
		"codes": "lullabycheck"
	  },
	]
  },
  // Saria's Song
  {
    "name": "Saria's Song",
    "type": "progressive_toggle",
    "stages": [
      {
		"img": "images/saria.png",
		"codes": "saria"
	  },
	  {
		"img": "images/saria-check.png",
		"disabled_img": "images/saria-disabledcheck.png",
        "disabled_img_mods": "",
		"codes": "sariacheck"
	  },
	]
  },
  // Epona's Song
  {
    "name": "Epona's Song",
    "type": "progressive_toggle",
    "stages": [
      {
		"img": "images/epona.png",
		"codes": "epona"
	  },
	  {
		"img": "images/epona-check.png",
		"disabled_img": "images/epona-disabledcheck.png",
        "disabled_img_mods": "",
		"codes": "eponacheck"
	  },
	]
  },
  // Sun's Song
  {
    "name": "Sun's Song",
    "type": "progressive_toggle",
    "stages": [
      {
		"img": "images/sunsong.png",
		"codes": "sunsong,sun"
	  },
	  {
		"img": "images/sunsong-check.png",
		"disabled_img": "images/sunsong-disabledcheck.png",
        "disabled_img_mods": "",
		"codes": "sunsongcheck,suncheck"
	  },
	]
  },
  // Song of Time
  {
    "name": "Sun's Song",
    "type": "progressive_toggle",
    "stages": [
      {
		"img": "images/songoftime.png",
		"codes": "songoftime,time"
	  },
	  {
		"img": "images/songoftime-check.png",
		"disabled_img": "images/songoftime-disabledcheck.png",
        "disabled_img_mods": "",
		"codes": "songoftimecheck,timecheck"
	  },
	]
  },
  // Song of Storms
  {
    "name": "Song of Storms",
    "type": "progressive_toggle",
    "stages": [
      {
		"img": "images/songofstorms.png",
		"codes": "songofstorms,storm"
	  },
	  {
		"img": "images/songofstorms-check.png",
		"disabled_img": "images/songofstorms-disabledcheck.png",
        "disabled_img_mods": "",
		"codes": "songofstormscheck,stormcheck"
	  },
	]
  },
  // Minuet of Forest
  {
    "name": "Minuet of Forest",
    "type": "progressive_toggle",
    "stages": [
      {
		"img": "images/green_note.png",
		"codes": "minuet"
	  },
	  {
		"img": "images/green_note-check.png",
		"disabled_img": "images/green_note-disabledcheck.png",
        "disabled_img_mods": "",
		"codes": "minuetcheck"
	  },
	]
  },
  // Forest Medallion
  {
    "name": "Forest Medallion",
    "type": "toggle",
    "img": "images/forestmedallion.png",
    "codes": "forest"
  },
  
    // Bolero of Fire
  {
    "name": "Bolero of Fire",
    "type": "progressive_toggle",
    "stages": [
      {
		"img": "images/red_note.png",
		"codes": "bolero"
	  },
	  {
		"img": "images/red_note-check.png",
		"disabled_img": "images/red_note-disabledcheck.png",
        "disabled_img_mods": "",
		"codes": "bolerocheck"
	  },
	]
  },
  // Fire Medallion
  {
    "name": "fire Medallion",
    "type": "toggle",
    "img": "images/firemedallion.png",
    "codes": "fire"
  },
    // Serenade of Water
  {
    "name": "Serenade of Water",
    "type": "progressive_toggle",
    "stages": [
      {
		"img": "images/blue_note.png",
		"codes": "serenade"
	  },
	  {
		"img": "images/blue_note-check.png",
		"disabled_img": "images/blue_note-disabledcheck.png",
        "disabled_img_mods": "",
		"codes": "serenadecheck"
	  },
	]
  },
  // water Medallion
  {
    "name": "water Medallion",
    "type": "toggle",
    "img": "images/watermedallion.png",
    "codes": "water"
  },
  // Requiem of Spirit
  {
    "name": "Requiem of Spirit",
    "type": "progressive_toggle",
    "stages": [
      {
		"img": "images/orange_note.png",
		"codes": "requiem"
	  },
	  {
		"img": "images/orange_note-check.png",
		"disabled_img": "images/orange_note-disabledcheck.png",
        "disabled_img_mods": "",
		"codes": "requiemcheck"
	  },
	]
  },
  // spirit Medallion
  {
    "name": "spirit Medallion",
    "type": "toggle",
	"img": "images/spiritmedallion.png",
    "codes": "spirit"
  },
  // Nocturne of Shadow
  {
    "name": "Nocturne of Shadow",
    "type": "progressive_toggle",
    "stages": [
      {
		"img": "images/purple_note.png",
		"codes": "nocturne"
	  },
	  {
		"img": "images/purple_note-check.png",
		"disabled_img": "images/purple_note-disabledcheck.png",
        "disabled_img_mods": "",
		"codes": "nocturnecheck"
	  },
	]
  },
  // shadow Medallion
  {
    "name": "shadow Medallion",
    "type": "toggle",
    "img": "images/shadowmedallion.png",
    "codes": "shadow"
  },
  // Prelude of Light
  {
    "name": "Prelude of Light",
    "type": "progressive_toggle",
    "stages": [
      {
		"img": "images/yellow_note.png",
		"codes": "prelude"
	  },
	  {
		"img": "images/yellow_note-check.png",
		"disabled_img": "images/yellow_note-disabledcheck.png",
        "disabled_img_mods": "",
		"codes": "preludecheck"
	  },
	]
  },
  // light Medallion
  {
    "name": "light Medallion",
    "type": "toggle",
    "img": "images/lightmedallion.png",
    "codes": "light"
  },
  // Kokiri's Emerald
  {
    "name": "Kokiri's Emerald",
    "type": "toggle",
    "img": "images/emerald.png",
    "codes": "emerald",
  },
  // Goron's Ruby
  {
    "name": "Goron's Ruby",
    "type": "toggle",
    "img": "images/ruby.png",
    "codes": "ruby"
  },
  // Zora's Sapphire
  {
    "name": "Zora's Sapphire",
    "type": "toggle",
    "img": "images/sapphire.png",
    "codes": "sapphire"
  },
  // Kokiri Sword
  {
    "name": "Kokiri Sword",
    "type": "toggle",
    "img": "images/sword1.png",
    "codes": "sword1,kokirisword"
  },
  // Master Sword
  {
    "name": "Master Sword",
    "type": "toggle",
    "img": "images/sword2.png",
    "codes": "sword2,mastersword,ms"
  },
  // Biggoron Sword
  {
    "name": "Biggoron Sword",
    "type": "toggle",
    "img": "images/sword3.png",
    "codes": "sword3,biggoronsword"
  },
  // Kokiri Shield
  {
    "name": "Kokiri Shield",
    "type": "toggle",
    "img": "images/shield1.png",
    "codes": "shield1,kokirishield"
  },
  // Hylian Shield
  {
    "name": "Hylian Shield",
    "type": "toggle",
    "img": "images/shield2.png",
    "codes": "shield2,hylianshield"
  },
  // Mirror Shield
  {
    "name": "Mirror Shield",
    "type": "toggle",
    "img": "images/shield3.png",
    "codes": "shield3,mirrorshield"
  },
  // Kokiri Tunic
  {
    "name": "Kokiri Tunic",
    "type": "static",
    "img": "images/greentunic.png",
    "codes": "greentunic"
  },
  // Goron Tunic
  {
    "name": "Goron Tunic",
    "type": "toggle",
    "img": "images/redtunic.png",
    "codes": "gorontunic,redtunic"
  },
  // Zora Tunic
  {
    "name": "Zora Tunic",
    "type": "toggle",
    "img": "images/bluetunic.png",
    "codes": "zoratunic,bluetunic"
  },
    // Goron and Zora Tunics
  {
    "name": "Red and Blue Tunics",
    "type": "composite_toggle",
    "codes": "tunics",
    "item_left": "bluetunic",
    "item_right": "redtunic",
    "images": [
      {
        "left": false,
        "right": false,
        "img": "images/redbluetunic.png",
        "img_mods": "@disabled"
      },
      {
        "left": true,
        "right": false,
        "img": "images/bluetunic-disabled.png"
      },
      {
        "left": false,
        "right": true,
        "img": "images/redtunic-disabled.png"
      },
      {
        "left": true,
        "right": true,
        "img": "images/redbluetunic.png"
      }
    ]
  },
  // Kokiri Boots
  {
    "name": "Kokiri Boots",
    "type": "static",
    "img": "images/kokiriboots.png",
    "codes": "kokiriboots"
  },
  // Iron Boots
  {
    "name": "Iron Boots",
    "type": "toggle",
    "img": "images/ironboots.png",
    "codes": "ironboots"
  },
  // Hover Boots
  {
    "name": "Hover Boots",
    "type": "toggle",
    "img": "images/hoverboots.png",
    "codes": "hoverboots"
  },
  // Iron and Hover Boots
  {
    "name": "Iron and Hover Boots",
    "type": "composite_toggle",
    "codes": "boots",
    "item_left": "ironboots",
    "item_right": "hoverboots",
    "images": [
      {
        "left": false,
        "right": false,
        "img": "images/boots.png",
        "img_mods": "@disabled"
      },
      {
        "left": true,
        "right": false,
        "img": "images/ironboots-disabled.png"
      },
      {
        "left": false,
        "right": true,
        "img": "images/hoverboots-disabled.png"
      },
      {
        "left": true,
        "right": true,
        "img": "images/boots.png"
      }
    ]
  },
  // Child Trade Sequence
  {
    "name": "Child Trade",
    "type": "progressive",
    "stages": [
      {
        "img": "images/egg.png",
        "codes": "childegg,kidtrade"
      },
      {
        "img": "images/cucco.png",
        "codes": "childcucco"
      },
	  {
        "img": "images/letter.png",
        "codes": "letter"
      },
	  {
        "img": "images/keaton.png",
        "codes": "keaton,keatonmask"
      },
	  {
        "img": "images/skull.png",
        "codes": "skullmask,skull"
      },
	  {
        "img": "images/spooky.png",
        "codes": "spooky,spookymask"
      },
	  {
        "img": "images/bunny.png",
        "codes": "bunny,bunnyhood"
      },
	  {
        "img": "images/truth.png",
        "codes": "truth,maskoftruth"
      },
    ]
  },
  // Adult Trade Sequence
  {
    "name": "Adult Trade",
    "type": "progressive",
    "stages": [
      {
        "img": "images/egg.png",
        "codes": "adultegg,adulttrade"
      },
      {
        "img": "images/cucco.png",
        "codes": "adultcucco,pocketcucco"
      },
	  {
        "img": "images/cojiro.png",
        "codes": "cojiro"
      },
	  {
        "img": "images/mushroom.png",
        "codes": "mushroom,oddmushroom"
      },
	  {
        "img": "images/medicine.png",
        "codes": "oddpotion,oddpoultice"
      },
	  {
        "img": "images/saw.png",
        "codes": "saw,poachersaw"
      },
	  {
        "img": "images/broken_sword.png",
        "codes": "brokensword"
      },
	  {
        "img": "images/perscription.png",
        "codes": "perscription"
      },
	  {
        "img": "images/frog.png",
        "codes": "frog,eyeballfrog"
      },
	  {
        "img": "images/eyedrops.png",
        "codes": "eyedrops,drops"
      },
	  {
        "img": "images/claim.png",
        "codes": "claim,claimcheck"
      },
    ]
  },
  // Hammer
  {
    "name": "Hammer",
    "type": "toggle",
    "img": "images/hammer.png",
    "codes": "hammer"
  },
  // Ocarina
  {
    "name": "Ocarina",
    "type": "progressive",
    "stages": [
      {
        "img": "images/fairyocarina.png",
        "codes": "ocarina,fairyocarina"
      },
      {
        "img": "images/ocarina.png"
      }
    ]
  },
  // Bottles
  {
    "name": "Bottle",
    "type": "progressive_toggle",
	"swap_actions": true,
	"stages": [
      {
		"img": "images/rutobottle.png",
		"disabled_img": "images/bottle.png",
		"codes": "bottle,rutonote"
	  },
	  {
		"img": "images/rutobottle1.png",
		"disabled_img": "images/bottle1.png",
		"disabled_img_mods": "",
	  },
	  {
		"img": "images/rutobottle2.png",
		"disabled_img": "images/bottle2.png",
		"disabled_img_mods": "",
	  },
	  {
		"img": "images/rutobottle3.png",
		"disabled_img": "images/bottle3.png",
		"disabled_img_mods": "",
	  },
	  {
		"img": "images/rutobottle4.png",
		"disabled_img": "images/bottle4.png",
		"disabled_img_mods": "",
	  },
	]
  },
  // Progressive Gauntlets
  {
    "name": "Gauntlets",
    "type": "progressive",
    "stages": [
      {
        "img": "images/lift1.png",
        "codes": "bracelet,lift1"
      },
      {
        "img": "images/lift2.png",
        "codes": "silvergauntlets,lift2"
      },
	  {
        "img": "images/lift3.png",
        "codes": "goldgauntlets,lift2"
      }
    ]
  },
  // Gold Skulltula Tokens
  {
    "name": "Gold Skulltula Tokens",
    "type": "consumable",
    "img": "images/skulltula.png",
    "codes": "skulltula,goldskulltula,token",
    "max_quantity": 50
  },
    //Gold Skulltula Progressive
  {
    "name": "Tokens Progressive",
    "type": "progressive",
	"allow_disabled": false,
    "stages": [
      {
        "img": "images/skulltula.png",
		"img_mods": "@disabled",
        "codes": "skulltulas"
      },
	  {
        "img": "images/skulltula1.png",
      },
	  {
        "img": "images/skulltula2.png",
      },
	  {
        "img": "images/skulltula3.png",
      },
	  {
        "img": "images/skulltula4.png",
      },
	  {
        "img": "images/skulltula5.png",
      },
    ]
  },
	
    // Progressive Scales
  {
    "name": "Zora Scales",
    "type": "progressive",
    "stages": [
      {
        "img": "images/scale1.png",
        "codes": "silverscale,scale1"
      },
	  {
        "img": "images/scale2.png",
        "codes": "goldscale,scale2"
      }
    ]
  },
  // Progressive Wallet
  {
    "name": "Wallet",
    "type": "progressive",
	"allow_disabled": false,
    "stages": [
      {
        "img": "images/wallet.png",
        "codes": "wallet"
      },
	  {
        "img": "images/wallet1.png",
      },
	  {
        "img": "images/wallet2.png",
      }
    ]
  },
    // Freebie Label
  {
    "name": "Freebie Label",
    "type": "static",
    "img": "images/freebie.png",
    "codes": "free_label"
  },
    // Free Prize
  {
    "name": "Free Prize",
    "type": "progressive",
	"loop": true,
    "allow_disabled": false,
    "stages": [
      {
        "img": "images/unknown-small.png",
        "codes": "free_prize"
      },
      {
        "img": "images/emerald-small.png",
      },
      {
        "img": "images/ruby-small.png",
      },
      {
        "img": "images/sapphire-small.png",
      },
	  {
        "img": "images/light-small.png",
      },
	  {
        "img": "images/forest-small.png",
      },
	  {
        "img": "images/fire-small.png",
      },
	  {
        "img": "images/water-small.png",
      },
	  {
        "img": "images/spirit-small.png",
      },
	  {
        "img": "images/shadow-small.png",
      },
    ]
  },
    // Deku Label
  {
    "name": "Deku Tree Label",
    "type": "static",
    "img": "images/deku.png",
    "codes": "deku_label"
  },
  // Deku Treasures
  {
    "name": "Deku Treasures",
    "type": "consumable",
    "img": "images/chest.png",
    "codes": "deku_treasures",
    "swap_actions": true,
	"initial_quantity": 5,
    "max_quantity": 7
  },
    // Deku Prize
  {
    "name": "Deku Prize",
    "type": "progressive",
	"loop": true,
    "allow_disabled": false,
    "stages": [
      {
        "img": "images/unknown-small.png",
        "codes": "deku_prize"
      },
      {
        "img": "images/emerald-small.png",
      },
      {
        "img": "images/ruby-small.png",
      },
      {
        "img": "images/sapphire-small.png",
      },
	  {
        "img": "images/light-small.png",
      },
	  {
        "img": "images/forest-small.png",
      },
	  {
        "img": "images/fire-small.png",
      },
	  {
        "img": "images/water-small.png",
      },
	  {
        "img": "images/spirit-small.png",
      },
	  {
        "img": "images/shadow-small.png",
      },
    ]
  },
    // Dodongo Label
  {
    "name": "Dodongo's Cavern Label",
    "type": "static",
    "img": "images/dodongo.png",
    "codes": "dodongo_label"
  },
  // Dodongo Treasures
  {
    "name": "Dodongo Treasures",
    "type": "consumable",
    "img": "images/chest.png",
    "codes": "dodongo_treasures",
    "swap_actions": true,
	"initial_quantity": 5,
    "max_quantity": 7
  },
  // Dodongo Prize
  {
    "name": "Dodongo Prize",
    "type": "progressive",
	"loop": true,
    "allow_disabled": false,
    "stages": [
      {
        "img": "images/unknown-small.png",
        "codes": "dodongo_prize"
      },
      {
        "img": "images/emerald-small.png",
      },
      {
        "img": "images/ruby-small.png",
      },
      {
        "img": "images/sapphire-small.png",
      },
	  {
        "img": "images/light-small.png",
      },
	  {
        "img": "images/forest-small.png",
      },
	  {
        "img": "images/fire-small.png",
      },
	  {
        "img": "images/water-small.png",
      },
	  {
        "img": "images/spirit-small.png",
      },
	  {
        "img": "images/shadow-small.png",
      },
    ]
  },
  // Jabu Label
  {
    "name": "Jabu-Jabu Label",
    "type": "static",
    "img": "images/jabu.png",
    "codes": "jabu_label"
  },
  // Jabu Treasures
  {
    "name": "Jabu Treasures",
    "type": "consumable",
    "img": "images/chest.png",
    "codes": "jabu_treasures",
    "swap_actions": true,
	"initial_quantity": 2,
    "max_quantity": 4
  },
  // Jabu Prize
  {
    "name": "Jabu Prize",
    "type": "progressive",
	"loop": true,
    "allow_disabled": false,
    "stages": [
      {
        "img": "images/unknown-small.png",
        "codes": "jabu_prize"
      },
      {
        "img": "images/emerald-small.png",
      },
      {
        "img": "images/ruby-small.png",
      },
      {
        "img": "images/sapphire-small.png",
      },
	  {
        "img": "images/light-small.png",
      },
	  {
        "img": "images/forest-small.png",
      },
	  {
        "img": "images/fire-small.png",
      },
	  {
        "img": "images/water-small.png",
      },
	  {
        "img": "images/spirit-small.png",
      },
	  {
        "img": "images/shadow-small.png",
      },
    ]
  },
  // Forest Temple Label
  {
    "name": "Forest Temple Label",
    "type": "static",
    "img": "images/forest.png",
    "codes": "forest_label"
  },
  // Forest Treasures
  {
    "name": "Forest Treasures",
    "type": "consumable",
    "img": "images/chest.png",
    "codes": "forest_treasures",
    "swap_actions": true,
	"initial_quantity": 6,
    "max_quantity": 8
  },
  // Forest Prize
  {
    "name": "Forest Prize",
    "type": "progressive",
	"loop": true,
    "allow_disabled": false,
    "stages": [
      {
        "img": "images/unknown-small.png",
        "codes": "forest_prize"
      },
      {
        "img": "images/emerald-small.png",
      },
      {
        "img": "images/ruby-small.png",
      },
      {
        "img": "images/sapphire-small.png",
      },
	  {
        "img": "images/light-small.png",
      },
	  {
        "img": "images/forest-small.png",
      },
	  {
        "img": "images/fire-small.png",
      },
	  {
        "img": "images/water-small.png",
      },
	  {
        "img": "images/spirit-small.png",
      },
	  {
        "img": "images/shadow-small.png",
      },
    ]
  },
  // Fire Temple Label
  {
    "name": "Fire Temple Label",
    "type": "static",
    "img": "images/fire.png",
    "codes": "fire_label"
  },
  // Fire Treasures
  {
    "name": "Fire Treasures",
    "type": "consumable",
    "img": "images/chest.png",
    "codes": "fire_treasures",
    "swap_actions": true,
	"initial_quantity": 4,
    "max_quantity": 6
  },
  // Fire Prize
  {
    "name": "Fire Prize",
    "type": "progressive",
	"loop": true,
    "allow_disabled": false,
    "stages": [
      {
        "img": "images/unknown-small.png",
        "codes": "fire_prize"
      },
      {
        "img": "images/emerald-small.png",
      },
      {
        "img": "images/ruby-small.png",
      },
      {
        "img": "images/sapphire-small.png",
      },
	  {
        "img": "images/light-small.png",
      },
	  {
        "img": "images/forest-small.png",
      },
	  {
        "img": "images/fire-small.png",
      },
	  {
        "img": "images/water-small.png",
      },
	  {
        "img": "images/spirit-small.png",
      },
	  {
        "img": "images/shadow-small.png",
      },
    ]
  },
  // Ice Cavern Label
  {
    "name": "Water Temple Label",
    "type": "static",
    "img": "images/ice.png",
    "codes": "ice_label"
  },
  // Ice Treasures
  {
    "name": "Water Treasures",
    "type": "consumable",
    "img": "images/chest.png",
    "codes": "ice_treasures",
    "swap_actions": true,
	"initial_quantity": 2,
    "max_quantity": 4
  },
  // Water Temple Label
  {
    "name": "Water Temple Label",
    "type": "static",
    "img": "images/water.png",
    "codes": "water_label"
  },
  // Water Treasures
  {
    "name": "Water Treasures",
    "type": "consumable",
    "img": "images/chest.png",
    "codes": "water_treasures",
    "swap_actions": true,
	"initial_quantity": 2,
    "max_quantity": 4
  },
  // Water Prize
  {
    "name": "Water Prize",
    "type": "progressive",
	"loop": true,
    "allow_disabled": false,
    "stages": [
      {
        "img": "images/unknown-small.png",
        "codes": "water_prize"
      },
      {
        "img": "images/emerald-small.png",
      },
      {
        "img": "images/ruby-small.png",
      },
      {
        "img": "images/sapphire-small.png",
      },
	  {
        "img": "images/light-small.png",
      },
	  {
        "img": "images/forest-small.png",
      },
	  {
        "img": "images/fire-small.png",
      },
	  {
        "img": "images/water-small.png",
      },
	  {
        "img": "images/spirit-small.png",
      },
	  {
        "img": "images/shadow-small.png",
      },
    ]
  },
  // Spirit Temple Label
  {
    "name": "Spirit Temple Label",
    "type": "static",
    "img": "images/spirit.png",
    "codes": "spirit_label"
  },
  // Spirit Treasures
  {
    "name": "Spirit Treasures",
    "type": "consumable",
    "img": "images/chest.png",
    "codes": "spirit_treasures",
    "swap_actions": true,
	"initial_quantity": 12,
    "max_quantity": 14
  },
  // Spirit Prize
  {
    "name": "Spirit Prize",
    "type": "progressive",
	"loop": true,
    "allow_disabled": false,
    "stages": [
      {
        "img": "images/unknown-small.png",
        "codes": "spirit_prize"
      },
      {
        "img": "images/emerald-small.png",
      },
      {
        "img": "images/ruby-small.png",
      },
      {
        "img": "images/sapphire-small.png",
      },
	  {
        "img": "images/light-small.png",
      },
	  {
        "img": "images/forest-small.png",
      },
	  {
        "img": "images/fire-small.png",
      },
	  {
        "img": "images/water-small.png",
      },
	  {
        "img": "images/spirit-small.png",
      },
	  {
        "img": "images/shadow-small.png",
      },
    ]
  },
  // Shadow Temple Label
  {
    "name": "Shadow Temple Label",
    "type": "static",
    "img": "images/shadow.png",
    "codes": "shadow_label"
  },
  // Shadow Treasures
  {
    "name": "Spirit Treasures",
    "type": "consumable",
    "img": "images/chest.png",
    "codes": "shadow_treasures",
    "swap_actions": true,
	"initial_quantity": 10,
    "max_quantity": 12
  },
  // Shadow Prize
  {
    "name": "Shadow Prize",
    "type": "progressive",
	"loop": true,
    "allow_disabled": false,
    "stages": [
      {
        "img": "images/unknown-small.png",
        "codes": "shadow_prize"
      },
      {
        "img": "images/emerald-small.png",
      },
      {
        "img": "images/ruby-small.png",
      },
      {
        "img": "images/sapphire-small.png",
      },
	  {
        "img": "images/light-small.png",
      },
	  {
        "img": "images/forest-small.png",
      },
	  {
        "img": "images/fire-small.png",
      },
	  {
        "img": "images/water-small.png",
      },
	  {
        "img": "images/spirit-small.png",
      },
	  {
        "img": "images/shadow-small.png",
      },
    ]
  },
  // Well Label
  {
    "name": "Well Label",
    "type": "static",
    "img": "images/well.png",
    "codes": "well_label"
  },
  // Well Treasures
  {
    "name": "Well Treasures",
    "type": "consumable",
    "img": "images/chest.png",
    "codes": "well_treasures",
    "swap_actions": true,
	"initial_quantity": 9,
    "max_quantity": 11
  },
  // Gerudo Label
  {
    "name": "Gerudo Label",
    "type": "static",
    "img": "images/gerudo.png",
    "codes": "gerudo_label"
  },
  // Gerudo Treasures
  {
    "name": "Gerudo Treasures",
    "type": "consumable",
    "img": "images/chest.png",
    "codes": "gerudo_treasures",
    "swap_actions": true,
	"initial_quantity": 13,
    "max_quantity": 13
  },
  // Ganon's Tower Label
  {
    "name": "Ganon's Tower Label",
    "type": "static",
    "img": "images/ganon.png",
    "codes": "ganon_label"
  },
  // Ganon's Tower Treasures
  {
    "name": "Ganon's Tower Treasures",
    "type": "consumable",
    "img": "images/chest.png",
    "codes": "ganon_treasures",
    "swap_actions": true,
	"initial_quantity": 13,
    "max_quantity": 13
  },
]