﻿{
	"shared_item_grid": 
	{
      "type": "array",
      "orientation": "vertical",
	  "margin": "5",
      "content": [
        {
          "type": "array",
          "orientation": "horizontal",
          "content": [
            {
				"type": "layout",
				"key": "shared_core_item_grid"
            },
            {
              "type": "array",
              "orientation": "vertical",
              "content": [
                {
                  "type": "array",
                  "orientation": "vertical",
				  "margin": "0,5",
                  "content": [
                    {
						"type": "canvas",
						"width": 32,
						"height": 32,
						"margin": "2,5",
						"content": [
							{
							"type": "item",
							"item": "forest_label",
							"hit_test_visible": false,
							"margin": "0",
							"canvas_depth": 0,
							"width": 32,
							"height": 12
							},
							{
							"type": "item",
							"item": "forest",
							"margin": "0",
							"canvas_depth": 1,
							"canvas_left": 16,
							"canvas_top": 16,
							"width": 16,
							"height": 16
							},
							{
							"type": "item",
							"item": "forest_treasures",
							"margin": "0",
							"canvas_depth": 1,
							"canvas_left": 0,
							"canvas_top": 16,
							"width": 16,
							"height": 16
							},
                
						]
					},
					{
						"type": "canvas",
						"width": 32,
						"height": 32,
						"margin": "2,5",
						"content": [
							{
							"type": "item",
							"item": "fire_label",
							"hit_test_visible": false,
							"margin": "0",
							"canvas_depth": 0,
							"width": 32,
							"height": 12
							},
							{
							"type": "item",
							"item": "fire",
							"margin": "0",
							"canvas_depth": 1,
							"canvas_left": 16,
							"canvas_top": 16,
							"width": 16,
							"height": 16
							},
							{
							"type": "item",
							"item": "fire_treasures",
							"margin": "0",
							"canvas_depth": 1,
							"canvas_left": 0,
							"canvas_top": 16,
							"width": 16,
							"height": 16
							},
                
						]
					},
					{
						"type": "canvas",
						"width": 32,
						"height": 32,
						"margin": "2,5",
						"content": [
							{
							"type": "item",
							"item": "water_label",
							"hit_test_visible": false,
							"margin": "0",
							"canvas_depth": 0,
							"width": 32,
							"height": 12
							},
							{
							"type": "item",
							"item": "water",
							"margin": "0",
							"canvas_depth": 1,
							"canvas_left": 16,
							"canvas_top": 16,
							"width": 16,
							"height": 16
							},
							{
							"type": "item",
							"item": "water_treasures",
							"margin": "0",
							"canvas_depth": 1,
							"canvas_left": 0,
							"canvas_top": 16,
							"width": 16,
							"height": 16
							},
                
						]
					},
					{
						"type": "canvas",
						"width": 32,
						"height": 32,
						"margin": "2,5",
						"content": [
							{
							"type": "item",
							"item": "spirit_label",
							"hit_test_visible": false,
							"margin": "0",
							"canvas_depth": 0,
							"width": 32,
							"height": 12
							},
							{
							"type": "item",
							"item": "spirit",
							"margin": "0",
							"canvas_depth": 1,
							"canvas_left": 16,
							"canvas_top": 16,
							"width": 16,
							"height": 16
							},
							{
							"type": "item",
							"item": "spirit_treasures",
							"margin": "0",
							"canvas_depth": 1,
							"canvas_left": 0,
							"canvas_top": 16,
							"width": 16,
							"height": 16
							},
                
						]
					},
					{
						"type": "canvas",
						"width": 32,
						"height": 32,
						"margin": "2,5",
						"content": [
							{
							"type": "item",
							"item": "shadow_label",
							"hit_test_visible": false,
							"margin": "0",
							"canvas_depth": 0,
							"width": 32,
							"height": 12
							},
							{
							"type": "item",
							"item": "shadow",
							"margin": "0",
							"canvas_depth": 1,
							"canvas_left": 16,
							"canvas_top": 16,
							"width": 16,
							"height": 16
							},
							{
							"type": "item",
							"item": "shadow_treasures",
							"margin": "0",
							"canvas_depth": 1,
							"canvas_left": 0,
							"canvas_top": 16,
							"width": 16,
							"height": 16
							},
                
						]
					},
					{
						"type": "canvas",
						"width": 32,
						"height": 32,
						"margin": "2,5",
						"content": [
							{
							"type": "item",
							"item": "free_label",
							"margin": "0",
							"canvas_depth": 0,
							"width": 32,
							"height": 12
							},
							{
							"type": "item",
							"item": "free",
							"margin": "0",
							"canvas_depth": 1,
							"canvas_left": 16,
							"canvas_top": 16,
							"width": 16,
							"height": 16
							},
                
						]
					},
                  ]
                }
              ]
            }
          ]
        },
		{
          "type": "array",
          "orientation": "horizontal",
          "content": [
            {
              "type": "array",
              "orientation": "vertical",
              "content": [
                {
                  "type": "array",
                  "orientation": "horizontal",
                  "content": [
                    {
						"type": "canvas",
						"width": 32,
						"height": 32,
						"margin": "3,5",
						"content": [
							{
							"type": "item",
							"item": "deku_label",
							"hit_test_visible": false,
							"margin": "0",
							"canvas_depth": 0,
							"width": 32,
							"height": 12
							},
							{
							"type": "item",
							"item": "deku",
							"margin": "0",
							"canvas_depth": 1,
							"canvas_left": 16,
							"canvas_top": 16,
							"width": 16,
							"height": 16
							},
							{
							"type": "item",
							"item": "deku_treasures",
							"margin": "0",
							"canvas_depth": 1,
							"canvas_left": 0,
							"canvas_top": 16,
							"width": 16,
							"height": 16
							},
						]
					},
					{
						"type": "canvas",
						"width": 32,
						"height": 32,
						"margin": "3,5",
						"content": [
							{
							"type": "item",
							"item": "dodongo_label",
							"hit_test_visible": false,
							"margin": "0",
							"canvas_depth": 0,
							"width": 32,
							"height": 12
							},
							{
							"type": "item",
							"item": "dodongo",
							"margin": "0",
							"canvas_depth": 1,
							"canvas_left": 16,
							"canvas_top": 16,
							"width": 16,
							"height": 16
							},
							{
							"type": "item",
							"item": "dodongo_treasures",
							"margin": "0",
							"canvas_depth": 0,
							"canvas_top": 16,
							"width": 16,
							"height": 16
							},
						]
					},
					{
						"type": "canvas",
						"width": 32,
						"height": 32,
						"margin": "3,5",
						"content": [
							{
							"type": "item",
							"item": "jabu_label",
							"hit_test_visible": false,
							"margin": "0",
							"canvas_depth": 0,
							"width": 32,
							"height": 12
							},
							{
							"type": "item",
							"item": "jabu",
							"margin": "0",
							"canvas_depth": 1,
							"canvas_left": 16,
							"canvas_top": 16,
							"width": 16,
							"height": 16
							},
							{
							"type": "item",
							"item": "jabu_treasures",
							"margin": "0",
							"canvas_depth": 0,
							"canvas_top": 16,
							"width": 16,
							"height": 16
							},
                
						]
					},
					{
						"type": "canvas",
						"width": 32,
						"height": 32,
						"margin": "2,5",
						"content": [
							{
							"type": "item",
							"item": "ice_label",
							"hit_test_visible": false,
							"margin": "0",
							"canvas_depth": 0,
							"width": 32,
							"height": 12
							},
							{
							"type": "item",
							"item": "ice_treasures",
							"margin": "0",
							"canvas_depth": 0,
							"canvas_top": 16,
							"canvas_left": 8,
							"width": 16,
							"height": 16
							},
                
						]
					},
					{
						"type": "canvas",
						"width": 32,
						"height": 32,
						"margin": "2,5",
						"content": [
							{
							"type": "item",
							"item": "well_label",
							"hit_test_visible": false,
							"margin": "0",
							"canvas_depth": 0,
							"width": 32,
							"height": 12
							},
							{
							"type": "item",
							"item": "well_treasures",
							"margin": "0",
							"canvas_depth": 0,
							"canvas_top": 16,
							"canvas_left": 4,
							"width": 20,
							"height": 16
							},
                
						]
					},
					{
						"type": "canvas",
						"width": 32,
						"height": 32,
						"margin": "2,5",
						"content": [
							{
							"type": "item",
							"item": "gerudo_label",
							"hit_test_visible": false,
							"margin": "0",
							"canvas_depth": 0,
							"width": 32,
							"height": 12
							},
							{
							"type": "item",
							"item": "gerudo_treasures",
							"margin": "0",
							"canvas_depth": 0,
							"canvas_top": 16,
							"canvas_left": 6,
							"width": 20,
							"height": 16
							},
                
						]
					},
					{
						"type": "canvas",
						"width": 32,
						"height": 32,
						"margin": "2,5",
						"content": [
							{
							"type": "item",
							"item": "ganon_label",
							"hit_test_visible": false,
							"margin": "0",
							"canvas_depth": 0,
							"width": 32,
							"height": 12
							},
							{
							"type": "item",
							"item": "ganon_treasures",
							"margin": "0",
							"canvas_depth": 0,
							"canvas_top": 16,
							"canvas_left": 6,
							"width": 20,
							"height": 16
							},
                
						]
					},
                  ]
                }
              ]
            }
          ]
        },
      ]
    },
    "tracker_default": {
      "type": "container",
      "width": 365,
      //"height": 250,
      "background": "#212121",
      "content": {
        "type": "layout",
        "dropshadow": true,
        "margin": 10,
        "key": "shared_item_grid"
      }
    }
  }
