﻿[
    // Free Label
  {
    "name": "Free Label",
    "type": "static",
    "img": "images/free.png",
    "codes": "free_label"
  },
    // Free Prize
  {
    "name": "Free Prize",
    "type": "progressive",
	"loop": true,
    "allow_disabled": false,
    "stages": [
	  {
        "img": "images/unknown-small.png",
        "codes": "free",
		"secondary_codes": "unknown,question"
      },
	  {
        "img": "images/light-small.png",
		"codes": "free",
		"secondary_codes": "light"
      },
	  {
        "img": "images/shadowspirit.png",
		"codes": "free",
		"secondary_codes": "shadow,spirit,shadowspirit"
      },
	  {
        "img": "images/firewater.png",
		"codes": "free",
		"secondary_codes": "fire,water,firewater"
      },
	  {
        "img": "images/forest-small.png",
		"codes": "free",
		"secondary_codes": "forest"
      },
	  {
        "img": "images/stones.png",
		"codes": "free",
		"secondary_codes": "stones"
      }
    ]
  },
    // Deku Label
  {
    "name": "Deku Tree Label",
    "type": "static",
    "img": "images/deku.png",
    "codes": "deku_label"
  },
  // Deku Treasures
  {
    "name": "Deku Treasures",
    "type": "consumable",
    "img": "images/chest.png",
    "codes": "deku_treasures",
    "swap_actions": true,
	"initial_quantity": 7,
    "max_quantity": 7
  },
    // Deku Prize
  {
    "name": "Deku Prize",
    "type": "progressive_toggle",
    "allow_disabled": false,
    "stages": [
      {
        "img": "images/unknown-small.png",
        "codes": "deku",
		"secondary_codes": "unknown,question"
      },
      {
        "img": "images/stones.png",
		"codes": "deku",
		"secondary_codes": "stones,emerald,ruby,sapphire"
      },
      {
        "img": "images/forest-small.png",
		"codes": "deku",
		"secondary_codes": "forest"
      },
      {
        "img": "images/firewater.png",
		"codes": "deku",
		"secondary_codes": "fire,water,firewater"
      },
	  {
        "img": "images/shadowspirit.png",
		"codes": "deku",
		"secondary_codes": "shadow,spirit,shadowspirit"
      },
	  {
        "img": "images/light-small.png",
		"codes": "deku",
		"secondary_codes": "light"
      }
    ]
  },
    // Dodongo Label
  {
    "name": "Dodongo's Cavern Label",
    "type": "static",
    "img": "images/dodongo.png",
    "codes": "dodongo_label"
  },
  // Dodongo Treasures
  {
    "name": "Dodongo Treasures",
    "type": "consumable",
    "img": "images/chest.png",
    "codes": "dodongo_treasures",
    "swap_actions": true,
	"initial_quantity": 7,
    "max_quantity": 7
  },
  // Dodongo Prize
  {
    "name": "Dodongo Prize",
    "type": "progressive_toggle",
    "allow_disabled": false,
    "stages": [
      {
        "img": "images/unknown-small.png",
        "codes": "dodongo",
		"secondary_codes": "unknown,question"
      },
      {
        "img": "images/stones.png",
		"codes": "dodongo",
		"secondary_codes": "stones,emerald,ruby,sapphire"
      },
      {
        "img": "images/forest-small.png",
		"codes": "dodongo",
		"secondary_codes": "forest"
      },
      {
        "img": "images/firewater.png",
		"codes": "dodongo",
		"secondary_codes": "fire,water,firewater"
      },
	  {
        "img": "images/shadowspirit.png",
		"codes": "dodongo",
		"secondary_codes": "shadow,spirit,shadowspirit"
      },
	  {
        "img": "images/light-small.png",
		"codes": "dodongo",
		"secondary_codes": "light"
      }
    ]
  },
  // Jabu Label
  {
    "name": "Jabu-Jabu Label",
    "type": "static",
    "img": "images/jabu.png",
    "codes": "jabu_label"
  },
  // Jabu Treasures
  {
    "name": "Jabu Treasures",
    "type": "consumable",
    "img": "images/chest.png",
    "codes": "jabu_treasures",
    "swap_actions": true,
	"initial_quantity": 4,
    "max_quantity": 4
  },
  // Jabu Prize
  {
    "name": "Jabu Prize",
    "type": "progressive_toggle",
    "allow_disabled": false,
    "stages": [
      {
        "img": "images/unknown-small.png",
        "codes": "jabu",
		"secondary_codes": "unknown,question"
      },
      {
        "img": "images/stones.png",
		"codes": "jabu",
		"secondary_codes": "stones,emerald,ruby,sapphire"
      },
      {
        "img": "images/forest-small.png",
		"codes": "jabu",
		"secondary_codes": "forest"
      },
      {
        "img": "images/firewater.png",
		"codes": "jabu",
		"secondary_codes": "fire,water,firewater"
      },
	  {
        "img": "images/shadowspirit.png",
		"codes": "jabu",
		"secondary_codes": "shadow,spirit,shadowspirit"
      },
	  {
        "img": "images/light-small.png",
		"codes": "jabu",
		"secondary_codes": "light"
      }
    ]
  },
  // Forest Temple Label
  {
    "name": "Forest Temple Label",
    "type": "static",
    "img": "images/forest.png",
    "codes": "forest_label"
  },
  // Forest Treasures
  {
    "name": "Forest Treasures",
    "type": "consumable",
    "img": "images/chest.png",
    "codes": "forest_treasures",
    "swap_actions": true,
	"initial_quantity": 14,
    "max_quantity": 14
  },
  // forest Prize
  {
    "name": "forest Prize",
    "type": "progressive_toggle",
    "allow_disabled": false,
    "stages": [
      {
        "img": "images/unknown-small.png",
        "codes": "forest",
		"secondary_codes": "unknown,question"
      },
      {
        "img": "images/stones.png",
		"codes": "forest",
		"secondary_codes": "stones,emerald,ruby,sapphire"
      },
      {
        "img": "images/forest-small.png",
		"codes": "forest",
		"secondary_codes": "forest"
      },
      {
        "img": "images/firewater.png",
		"codes": "forest",
		"secondary_codes": "fire,water,firewater"
      },
	  {
        "img": "images/shadowspirit.png",
		"codes": "forest",
		"secondary_codes": "shadow,spirit,shadowspirit"
      },
	  {
        "img": "images/light-small.png",
		"codes": "forest",
		"secondary_codes": "light"
      }
    ]
  },
  // Fire Temple Label
  {
    "name": "Fire Temple Label",
    "type": "static",
    "img": "images/fire.png",
    "codes": "fire_label"
  },
  // Fire Treasures
  {
    "name": "Fire Treasures",
    "type": "consumable",
    "img": "images/chest.png",
    "codes": "fire_treasures",
    "swap_actions": true,
	"initial_quantity": 15,
    "max_quantity": 15
  },
  // fire Prize
  {
    "name": "fire Prize",
    "type": "progressive_toggle",
    "allow_disabled": false,
    "stages": [
      {
        "img": "images/unknown-small.png",
        "codes": "fire",
		"secondary_codes": "unknown,question"
      },
      {
        "img": "images/stones.png",
		"codes": "fire",
		"secondary_codes": "stones,emerald,ruby,sapphire"
      },
      {
        "img": "images/forest-small.png",
		"codes": "fire",
		"secondary_codes": "forest"
      },
      {
        "img": "images/firewater.png",
		"codes": "fire",
		"secondary_codes": "fire,water,firewater"
      },
	  {
        "img": "images/shadowspirit.png",
		"codes": "fire",
		"secondary_codes": "shadow,spirit,shadowspirit"
      },
	  {
        "img": "images/light-small.png",
		"codes": "fire",
		"secondary_codes": "light"
      }
    ]
  },
  // Ice Cavern Label
  {
    "name": "Water Temple Label",
    "type": "static",
    "img": "images/ice.png",
    "codes": "ice_label"
  },
  // Ice Treasures
  {
    "name": "Water Treasures",
    "type": "consumable",
    "img": "images/chest.png",
    "codes": "ice_treasures",
    "swap_actions": true,
	"initial_quantity": 4,
    "max_quantity": 4
  },
  // Water Temple Label
  {
    "name": "Water Temple Label",
    "type": "static",
    "img": "images/water.png",
    "codes": "water_label"
  },
  // Water Treasures
  {
    "name": "Water Treasures",
    "type": "consumable",
    "img": "images/chest.png",
    "codes": "water_treasures",
    "swap_actions": true,
	"initial_quantity": 11,
    "max_quantity": 11
  },
  // water Prize
  {
    "name": "water Prize",
    "type": "progressive_toggle",
    "allow_disabled": false,
    "stages": [
      {
        "img": "images/unknown-small.png",
        "codes": "water",
		"secondary_codes": "unknown,question"
      },
      {
        "img": "images/stones.png",
		"codes": "water",
		"secondary_codes": "stones,emerald,ruby,sapphire"
      },
      {
        "img": "images/forest-small.png",
		"codes": "water",
		"secondary_codes": "forest"
      },
      {
        "img": "images/firewater.png",
		"codes": "water",
		"secondary_codes": "fire,water,firewater"
      },
	  {
        "img": "images/shadowspirit.png",
		"codes": "water",
		"secondary_codes": "shadow,spirit,shadowspirit"
      },
	  {
        "img": "images/light-small.png",
		"codes": "water",
		"secondary_codes": "light"
      }
    ]
  },
  // Spirit Temple Label
  {
    "name": "Spirit Temple Label",
    "type": "static",
    "img": "images/spirit.png",
    "codes": "spirit_label"
  },
  // Spirit Treasures
  {
    "name": "Spirit Treasures",
    "type": "consumable",
    "img": "images/chest.png",
    "codes": "spirit_treasures",
    "swap_actions": true,
	"initial_quantity": 20,
    "max_quantity": 20
  },
  // spirit Prize
  {
    "name": "spirit Prize",
    "type": "progressive_toggle",
    "allow_disabled": false,
    "stages": [
      {
        "img": "images/unknown-small.png",
        "codes": "spirit",
		"secondary_codes": "unknown,question"
      },
      {
        "img": "images/stones.png",
		"codes": "spirit",
		"secondary_codes": "stones,emerald,ruby,sapphire"
      },
      {
        "img": "images/forest-small.png",
		"codes": "spirit",
		"secondary_codes": "forest"
      },
      {
        "img": "images/firewater.png",
		"codes": "spirit",
		"secondary_codes": "fire,water,firewater"
      },
	  {
        "img": "images/shadowspirit.png",
		"codes": "spirit",
		"secondary_codes": "shadow,spirit,shadowspirit"
      },
	  {
        "img": "images/light-small.png",
		"codes": "spirit",
		"secondary_codes": "light"
      }
    ]
  },
  // Shadow Temple Label
  {
    "name": "Shadow Temple Label",
    "type": "static",
    "img": "images/shadow.png",
    "codes": "shadow_label"
  },
  // Shadow Treasures
  {
    "name": "Spirit Treasures",
    "type": "consumable",
    "img": "images/chest.png",
    "codes": "shadow_treasures",
    "swap_actions": true,
	"initial_quantity": 18,
    "max_quantity": 18
  },
  // shadow Prize
  {
    "name": "shadow Prize",
    "type": "progressive_toggle",
    "allow_disabled": false,
    "stages": [
      {
        "img": "images/unknown-small.png",
        "codes": "shadow",
		"secondary_codes": "unknown,question"
      },
      {
        "img": "images/stones.png",
		"codes": "shadow",
		"secondary_codes": "stones,emerald,ruby,sapphire"
      },
      {
        "img": "images/forest-small.png",
		"codes": "shadow",
		"secondary_codes": "forest"
      },
      {
        "img": "images/firewater.png",
		"codes": "shadow",
		"secondary_codes": "fire,water,firewater"
      },
	  {
        "img": "images/shadowspirit.png",
		"codes": "shadow",
		"secondary_codes": "shadow,spirit,shadowspirit"
      },
	  {
        "img": "images/light-small.png",
		"codes": "shadow",
		"secondary_codes": "light"
      }
    ]
  },
  // Well Label
  {
    "name": "Well Label",
    "type": "static",
    "img": "images/botw.png",
    "codes": "well_label"
  },
  // Well Treasures
  {
    "name": "Well Treasures",
    "type": "consumable",
    "img": "images/chest.png",
    "codes": "well_treasures",
    "swap_actions": true,
	"initial_quantity": 14,
    "max_quantity": 14
  },
  // Gerudo Label
  {
    "name": "Gerudo Label",
    "type": "static",
    "img": "images/gtg.png",
    "codes": "gerudo_label"
  },
  // Gerudo Treasures
  {
    "name": "Gerudo Treasures",
    "type": "consumable",
    "img": "images/chest.png",
    "codes": "gerudo_treasures",
    "swap_actions": true,
	"initial_quantity": 22,
    "max_quantity": 22
  },
  // Ganon's Castle Label
  {
    "name": "Ganon's Castle Label",
    "type": "static",
    "img": "images/gc.png",
    "codes": "ganon_label"
  },
  // Ganon's Castle Treasures
  {
    "name": "Ganon's Castle Treasures",
    "type": "consumable",
    "img": "images/chest.png",
    "codes": "ganon_treasures",
    "swap_actions": true,
	"initial_quantity": 16,
    "max_quantity": 16
  }
]