{
    "shared_core_item_grid": {
        "type": "itemgrid",
        "h_alignment": "center",
        "item_size": 32,
        "item_margin": "2,5",
        "rows": [
            [ "sticks", "nuts", "bombs", "bow", "firearrow", "dinsfire","lullaby", "minuet" ],
            [ "sling", "ocarina", "bombchu", "hookshot", "icearrow", "faroreswind", "epona", "bolero" ],
            [ "boomerang", "lens", "beans", "hammer", "lightarrow", "nayruslove", "saria", "serenade" ],
            [ "sword1", "sword3", "shield1", "rutonote", "kidtrade", "adulttrade", "sun", "requiem" ], 
            [ "redtunic", "bluetunic", "shield2", "membership", "wallet", "lift1", "time", "nocturne" ],
            [ "ironboots", "hoverboots", "shield3", "skulltula", "agony", "scale1", "storm", "prelude" ]
        ]
    }
}