﻿{
  "shared_item_grid": {
    "type": "array",
    "orientation": "vertical",
    "content": [
      {
        "type": "array",
        "orientation": "horizontal",
        "content": [
          {
            "type": "layout",
            "key": "shared_core_item_grid"
          },
          {
            "type": "array",
            "orientation": "vertical",
            "content": [
              {
                "type": "array",
                "orientation": "horizontal",
                "content": [
                  {
                    "type": "itemgrid",
                    "h_alignment": "center",
                    "item_margin": "0,5",
                    "item_size": 32,
                    "margin": "2,3",
                    "badge_font_size": 10,
                    "rows": [
                      [
                        "forest"
                      ],
                      [
                        "fire"
                      ],
                      [
                        "water"
                      ],
                      [
                        "spirit"
                      ],
                      [
                        "shadow"
                      ],
                      [
                        "light"
                      ]
                    ]
                  },
                  {
                    "type": "itemgrid",
                    "h_alignment": "center",
                    "item_margin": "1,25",
                    "item_size": 32,
                    "margin": "1,3",
                    "badge_font_size": 10,
                    "rows": [
                      [
                        "emerald"
                      ],
                      [
                        "ruby"
                      ],
                      [
                        "sapphire"
                      ]
                    ]
                  }
                ]
              }
            ]
          }
        ]
      },
      {
        "type": "array",
        "orientation": "horizontal",
        "content": [
          {
            "type": "array",
            "orientation": "vertical",
            "content": [
              {
                "type": "array",
                "orientation": "horizontal",
                "content": [
                  {
                    "type": "itemgrid",
                    "h_alignment": "center",
                    "item_margin": "1,1",
                    "item_height": 16,
                    "item_width": 58,
                    "margin": "1,0,0,0",
                    "badge_font_size": 10,
                    "rows": [
                      [
                        "deku_label"
                      ],
                      [
                        "dodongo_label"
                      ],
                      [
                        "jabu_label"
                      ],
                      [
                        "forest_label"
                      ]
                    ]
                  },
                  {
                    "type": "itemgrid",
                    "h_alignment": "center",
                    "item_margin": "1,1",
                    "item_height": 16,
                    "item_width": 16,
                    "margin": "0,0",
                    "badge_font_size": 10,
                    "rows": [
                      [
                        "deku_treasures",
                        "deku_prize", "", ""
                      ],
                      [
                        "dodongo_treasures",
                        "dodongo_prize", "", ""
                      ],
                      [
                        "jabu_treasures",
                        "jabu_prize","",""
                      ],
                      [
                        "forest_treasures",
                        "forest_prize", "forest_key", "forest_boss"
                      ]
                    ]
                  },
                  {
                    "type": "itemgrid",
                    "h_alignment": "center",
                    "item_margin": "1,1",
                    "item_height": 16,
                    "item_width": 58,
                    "margin": "1,0,0,0",
                    "badge_font_size": 10,
                    "rows": [
                      [
                        "fire_label"
                      ],
                      [
                        "water_label"
                      ],
                      [
                        "spirit_label"
                      ],
                      [
                        "shadow_label"
                      ]
                    ]
                  },
                  {
                    "type": "itemgrid",
                    "h_alignment": "center",
                    "item_margin": "1,1",
                    "item_height": 16,
                    "item_width": 16,
                    "margin": "0,0",
                    "badge_font_size": 10,
                    "rows": [
                      [
                        "fire_treasures",
                        "fire_prize", "fire_key", "fire_boss"
                      ],
                      [
                        "water_treasures",
                        "water_prize", "water_key", "water_boss"
                      ],
                      [
                        "spirit_treasures",
                        "spirit_prize", "spirit_key", "spirit_boss"
                      ],
                      [
                        "shadow_treasures",
                        "shadow_prize", "shadow_key", "shadow_boss"
                      ]
                    ]
                  },
                  {
                    "type": "itemgrid",
                    "h_alignment": "center",
                    "item_margin": "1,1",
                    "item_height": 16,
                    "item_width": 58,
                    "margin": "1,0,0,0",
                    "badge_font_size": 10,
                    "rows": [
                      [
                        "ice_label"
                      ],
                      [
                        "well_label"
                      ],
                      [
                        "gerudo_label"
                      ],
                      [
                        "ganon_label"
                      ]
                    ]
                  },
                  {
                    "type": "itemgrid",
                    "h_alignment": "center",
                    "item_margin": "1,1",
                    "item_height": 16,
                    "item_width": 16,
                    "margin": "0,0",
                    "badge_font_size": 10,
                    "rows": [
                      [
                        "ice_treasures","",
                        ""
                      ],
                      [
                        "well_treasures",
                        "well_key", ""
                      ],
                      [
                        "gerudo_treasures",
                        "gerudo_key", ""
                      ],
                      [
                        "ganon_treasures",
                        "ganon_key", "ganon_boss"
                      ]
                    ]
                  },
                ]
              }
            ]
          }
        ]
      },
    ]
  },
  "tracker_default": {
    "type": "container",
    "width": 400,
    //"height": 250,
    "background": "#212121",
    "content": {
      "type": "layout",
      "dropshadow": true,
      "margin": 10,
      "key": "shared_item_grid"
    }
  }
}