﻿[
  
  // Forest Medallion
  {
    "name": "Forest Medallion",
    "type": "toggle",
    "img": "images/forestmedallion.png",
    "codes": "forest"
  },
  // Fire Medallion
  {
    "name": "fire Medallion",
    "type": "toggle",
    "img": "images/firemedallion.png",
    "codes": "fire"
  },
  // water Medallion
  {
    "name": "water Medallion",
    "type": "toggle",
    "img": "images/watermedallion.png",
    "codes": "water"
  },
  // spirit Medallion
  {
    "name": "spirit Medallion",
    "type": "toggle",
	"img": "images/spiritmedallion.png",
    "codes": "spirit"
  },
  // shadow Medallion
  {
    "name": "shadow Medallion",
    "type": "toggle",
    "img": "images/shadowmedallion.png",
    "codes": "shadow"
  },
  // light Medallion
  {
    "name": "light Medallion",
    "type": "toggle",
    "img": "images/lightmedallion.png",
    "codes": "light"
  },
  // Kokiri's Emerald
  {
    "name": "Kokiri's Emerald",
    "type": "toggle",
    "img": "images/emerald.png",
    "codes": "emerald",
  },
  // Goron's Ruby
  {
    "name": "Goron's Ruby",
    "type": "toggle",
    "img": "images/ruby.png",
    "codes": "ruby"
  },
  // Zora's Sapphire
  {
    "name": "Zora's Sapphire",
    "type": "toggle",
    "img": "images/sapphire.png",
    "codes": "sapphire"
  },
    // Freebie Label
  {
    "name": "Freebie Label",
    "type": "static",
    "img": "images/freebie.png",
    "codes": "free_label"
  },
    // Free Prize
  {
    "name": "Free Prize",
    "type": "progressive",
	"loop": true,
    "allow_disabled": false,
    "stages": [
      {
        "img": "images/unknown-small.png",
        "codes": "free_prize"
      },
      {
        "img": "images/emerald-small.png",
      },
      {
        "img": "images/ruby-small.png",
      },
      {
        "img": "images/sapphire-small.png",
      },
	  {
        "img": "images/light-small.png",
      },
	  {
        "img": "images/forest-small.png",
      },
	  {
        "img": "images/fire-small.png",
      },
	  {
        "img": "images/water-small.png",
      },
	  {
        "img": "images/spirit-small.png",
      },
	  {
        "img": "images/shadow-small.png",
      },
    ]
  },
    // Deku Label
  {
    "name": "Deku Tree Label",
    "type": "static",
    "img": "images/deku.png",
    "codes": "deku_label"
  },
  // Deku Treasures
  {
    "name": "Deku Treasures",
    "type": "consumable",
    "img": "images/chest.png",
    "codes": "deku_treasures",
    "swap_actions": true,
	"initial_quantity": 7,
    "max_quantity": 7
  },
    // Deku Prize
  {
    "name": "Deku Prize",
    "type": "progressive",
	"loop": true,
    "allow_disabled": false,
    "stages": [
      {
        "img": "images/unknown-small.png",
        "codes": "deku_prize"
      },
      {
        "img": "images/emerald-small.png",
      },
      {
        "img": "images/ruby-small.png",
      },
      {
        "img": "images/sapphire-small.png",
      },
	  {
        "img": "images/light-small.png",
      },
	  {
        "img": "images/forest-small.png",
      },
	  {
        "img": "images/fire-small.png",
      },
	  {
        "img": "images/water-small.png",
      },
	  {
        "img": "images/spirit-small.png",
      },
	  {
        "img": "images/shadow-small.png",
      },
    ]
  },
    // Dodongo Label
  {
    "name": "Dodongo's Cavern Label",
    "type": "static",
    "img": "images/dodongo.png",
    "codes": "dodongo_label"
  },
  // Dodongo Treasures
  {
    "name": "Dodongo Treasures",
    "type": "consumable",
    "img": "images/chest.png",
    "codes": "dodongo_treasures",
    "swap_actions": true,
	"initial_quantity": 7,
    "max_quantity": 7
  },
  // Dodongo Prize
  {
    "name": "Dodongo Prize",
    "type": "progressive",
	"loop": true,
    "allow_disabled": false,
    "stages": [
      {
        "img": "images/unknown-small.png",
        "codes": "dodongo_prize"
      },
      {
        "img": "images/emerald-small.png",
      },
      {
        "img": "images/ruby-small.png",
      },
      {
        "img": "images/sapphire-small.png",
      },
	  {
        "img": "images/light-small.png",
      },
	  {
        "img": "images/forest-small.png",
      },
	  {
        "img": "images/fire-small.png",
      },
	  {
        "img": "images/water-small.png",
      },
	  {
        "img": "images/spirit-small.png",
      },
	  {
        "img": "images/shadow-small.png",
      },
    ]
  },
  // Jabu Label
  {
    "name": "Jabu-Jabu Label",
    "type": "static",
    "img": "images/jabu.png",
    "codes": "jabu_label"
  },
  // Jabu Treasures
  {
    "name": "Jabu Treasures",
    "type": "consumable",
    "img": "images/chest.png",
    "codes": "jabu_treasures",
    "swap_actions": true,
	"initial_quantity": 4,
    "max_quantity": 4
  },
  // Jabu Prize
  {
    "name": "Jabu Prize",
    "type": "progressive",
	"loop": true,
    "allow_disabled": false,
    "stages": [
      {
        "img": "images/unknown-small.png",
        "codes": "jabu_prize"
      },
      {
        "img": "images/emerald-small.png",
      },
      {
        "img": "images/ruby-small.png",
      },
      {
        "img": "images/sapphire-small.png",
      },
	  {
        "img": "images/light-small.png",
      },
	  {
        "img": "images/forest-small.png",
      },
	  {
        "img": "images/fire-small.png",
      },
	  {
        "img": "images/water-small.png",
      },
	  {
        "img": "images/spirit-small.png",
      },
	  {
        "img": "images/shadow-small.png",
      },
    ]
  },
  // Forest Temple Label
  {
    "name": "Forest Temple Label",
    "type": "static",
    "img": "images/forest.png",
    "codes": "forest_label"
  },
  // Forest Treasures
  {
    "name": "Forest Treasures",
    "type": "consumable",
    "img": "images/chest.png",
    "codes": "forest_treasures",
    "swap_actions": true,
	"initial_quantity": 14,
    "max_quantity": 14
  },
   // Forest Keys
   {
    "name": "Forest Keys",
    "type": "consumable",
    "img": "images/small_key.png",
    "codes": "forest_key",
    "max_quantity": 5
  },
    // Forest Boss Key
    {
      "name": "Forest Boss Key",
      "type": "toggle",
      "img": "images/boss_key.png",
      "codes": "forest_boss"
    },
  // Forest Prize
  {
    "name": "Forest Prize",
    "type": "progressive",
	"loop": true,
    "allow_disabled": false,
    "stages": [
      {
        "img": "images/unknown-small.png",
        "codes": "forest_prize"
      },
      {
        "img": "images/emerald-small.png",
      },
      {
        "img": "images/ruby-small.png",
      },
      {
        "img": "images/sapphire-small.png",
      },
	  {
        "img": "images/light-small.png",
      },
	  {
        "img": "images/forest-small.png",
      },
	  {
        "img": "images/fire-small.png",
      },
	  {
        "img": "images/water-small.png",
      },
	  {
        "img": "images/spirit-small.png",
      },
	  {
        "img": "images/shadow-small.png",
      },
    ]
  },
  // Fire Temple Label
  {
    "name": "Fire Temple Label",
    "type": "static",
    "img": "images/fire.png",
    "codes": "fire_label"
  },
  // Fire Treasures
  {
    "name": "Fire Treasures",
    "type": "consumable",
    "img": "images/chest.png",
    "codes": "fire_treasures",
    "swap_actions": true,
	"initial_quantity": 15,
    "max_quantity": 15
  },
    // Fire Keys
    {
      "name": "Fire Keys",
      "type": "consumable",
      "img": "images/small_key.png",
      "codes": "fire_key",
      "max_quantity": 8
    },
      // Fire Boss Key
  {
    "name": "Fire Boss Key",
    "type": "toggle",
    "img": "images/boss_key.png",
    "codes": "fire_boss"
  },
  // Fire Prize
  {
    "name": "Fire Prize",
    "type": "progressive",
	"loop": true,
    "allow_disabled": false,
    "stages": [
      {
        "img": "images/unknown-small.png",
        "codes": "fire_prize"
      },
      {
        "img": "images/emerald-small.png",
      },
      {
        "img": "images/ruby-small.png",
      },
      {
        "img": "images/sapphire-small.png",
      },
	  {
        "img": "images/light-small.png",
      },
	  {
        "img": "images/forest-small.png",
      },
	  {
        "img": "images/fire-small.png",
      },
	  {
        "img": "images/water-small.png",
      },
	  {
        "img": "images/spirit-small.png",
      },
	  {
        "img": "images/shadow-small.png",
      },
    ]
  },
  // Ice Cavern Label
  {
    "name": "Water Temple Label",
    "type": "static",
    "img": "images/ice.png",
    "codes": "ice_label"
  },
  // Ice Treasures
  {
    "name": "Water Treasures",
    "type": "consumable",
    "img": "images/chest.png",
    "codes": "ice_treasures",
    "swap_actions": true,
	"initial_quantity": 4,
    "max_quantity": 4
  },
  // Water Temple Label
  {
    "name": "Water Temple Label",
    "type": "static",
    "img": "images/water.png",
    "codes": "water_label"
  },
  // Water Treasures
  {
    "name": "Water Treasures",
    "type": "consumable",
    "img": "images/chest.png",
    "codes": "water_treasures",
    "swap_actions": true,
	"initial_quantity": 11,
    "max_quantity": 11
  },
    // Water Keys
    {
      "name": "Water Keys",
      "type": "consumable",
      "img": "images/small_key.png",
      "codes": "water_key",
      "max_quantity": 6
    },
      // Water Boss Key
  {
    "name": "Water Boss Key",
    "type": "toggle",
    "img": "images/boss_key.png",
    "codes": "water_boss"
  },
  // Water Prize
  {
    "name": "Water Prize",
    "type": "progressive",
	"loop": true,
    "allow_disabled": false,
    "stages": [
      {
        "img": "images/unknown-small.png",
        "codes": "water_prize"
      },
      {
        "img": "images/emerald-small.png",
      },
      {
        "img": "images/ruby-small.png",
      },
      {
        "img": "images/sapphire-small.png",
      },
	  {
        "img": "images/light-small.png",
      },
	  {
        "img": "images/forest-small.png",
      },
	  {
        "img": "images/fire-small.png",
      },
	  {
        "img": "images/water-small.png",
      },
	  {
        "img": "images/spirit-small.png",
      },
	  {
        "img": "images/shadow-small.png",
      },
    ]
  },
  // Spirit Temple Label
  {
    "name": "Spirit Temple Label",
    "type": "static",
    "img": "images/spirit.png",
    "codes": "spirit_label"
  },
  // Spirit Treasures
  {
    "name": "Spirit Treasures",
    "type": "consumable",
    "img": "images/chest.png",
    "codes": "spirit_treasures",
    "swap_actions": true,
	"initial_quantity": 20,
    "max_quantity": 20
  },
    // Spirit Keys
    {
      "name": "Spirit Keys",
      "type": "consumable",
      "img": "images/small_key.png",
      "codes": "spirit_key",
      "max_quantity": 5
    },
    // Spirit Boss Key
    {
      "name": "Spirit Boss Key",
      "type": "toggle",
      "img": "images/boss_key.png",
      "codes": "spirit_boss"
    },
  // Spirit Prize
  {
    "name": "Spirit Prize",
    "type": "progressive",
	"loop": true,
    "allow_disabled": false,
    "stages": [
      {
        "img": "images/unknown-small.png",
        "codes": "spirit_prize"
      },
      {
        "img": "images/emerald-small.png",
      },
      {
        "img": "images/ruby-small.png",
      },
      {
        "img": "images/sapphire-small.png",
      },
	  {
        "img": "images/light-small.png",
      },
	  {
        "img": "images/forest-small.png",
      },
	  {
        "img": "images/fire-small.png",
      },
	  {
        "img": "images/water-small.png",
      },
	  {
        "img": "images/spirit-small.png",
      },
	  {
        "img": "images/shadow-small.png",
      },
    ]
  },
  // Shadow Temple Label
  {
    "name": "Shadow Temple Label",
    "type": "static",
    "img": "images/shadow.png",
    "codes": "shadow_label"
  },
  // Shadow Treasures
  {
    "name": "Spirit Treasures",
    "type": "consumable",
    "img": "images/chest.png",
    "codes": "shadow_treasures",
    "swap_actions": true,
	"initial_quantity": 18,
    "max_quantity": 18
  },
    // Shadow Keys
    {
      "name": "Shadow Keys",
      "type": "consumable",
      "img": "images/small_key.png",
      "codes": "shadow_key",
      "max_quantity": 5
    },
    // Shadow Boss Key
    {
      "name": "Water Boss Key",
      "type": "toggle",
      "img": "images/boss_key.png",
      "codes": "shadow_boss"
    },
  // Shadow Prize
  {
    "name": "Shadow Prize",
    "type": "progressive",
	"loop": true,
    "allow_disabled": false,
    "stages": [
      {
        "img": "images/unknown-small.png",
        "codes": "shadow_prize"
      },
      {
        "img": "images/emerald-small.png",
      },
      {
        "img": "images/ruby-small.png",
      },
      {
        "img": "images/sapphire-small.png",
      },
	  {
        "img": "images/light-small.png",
      },
	  {
        "img": "images/forest-small.png",
      },
	  {
        "img": "images/fire-small.png",
      },
	  {
        "img": "images/water-small.png",
      },
	  {
        "img": "images/spirit-small.png",
      },
	  {
        "img": "images/shadow-small.png",
      },
    ]
  },
  // Well Label
  {
    "name": "Well Label",
    "type": "static",
    "img": "images/well.png",
    "codes": "well_label"
  },
  // Well Treasures
  {
    "name": "Well Treasures",
    "type": "consumable",
    "img": "images/chest.png",
    "codes": "well_treasures",
    "swap_actions": true,
	"initial_quantity": 14,
    "max_quantity": 14
  },
    // Well Keys
    {
      "name": "Well Keys",
      "type": "consumable",
      "img": "images/small_key.png",
      "codes": "well_key",
      "max_quantity": 3
    },
  // Gerudo Label
  {
    "name": "Gerudo Label",
    "type": "static",
    "img": "images/gerudo.png",
    "codes": "gerudo_label"
  },
  // Gerudo Treasures
  {
    "name": "Gerudo Treasures",
    "type": "consumable",
    "img": "images/chest.png",
    "codes": "gerudo_treasures",
    "swap_actions": true,
	"initial_quantity": 22,
    "max_quantity": 22
  },
  {
    "name": "Gerudo Keys",
    "type": "consumable",
    "img": "images/small_key.png",
    "codes": "gerudo_key",
    "max_quantity": 9
  },
  // Ganon's Tower Label
  {
    "name": "Ganon's Tower Label",
    "type": "static",
    "img": "images/ganon.png",
    "codes": "ganon_label"
  },
  // Ganon's Tower Treasures
  {
    "name": "Ganon's Tower Treasures",
    "type": "consumable",
    "img": "images/chest.png",
    "codes": "ganon_treasures",
    "swap_actions": true,
	"initial_quantity": 16,
    "max_quantity": 16
  },
    // Ganon's Castle Keys
    {
      "name": "Ganon's Castle Keys",
      "type": "consumable",
      "img": "images/small_key.png",
      "codes": "ganon_key",
      "max_quantity": 2
    },
    // Ganon's Castle Boss Key
    {
      "name": "Ganon's Castle Boss Key",
      "type": "toggle",
      "img": "images/boss_key.png",
      "codes": "ganon_boss"
    },
]