﻿[
  // Bow
 {
    "name": "Bow",
    "type": "progressive",
    "allow_disabled": false,
    "stages": [
      {
        "img": "images/bow.png",
        "img_mods": "@disabled",
        "codes": "bow,arrows"
      },
      {
        "img": "images/bow.png",
		"img_mods": "overlay|images/30.png",
      },
      {
        "img": "images/bow.png",
		"img_mods": "overlay|images/40.png",
      },
      {
        "img": "images/bow.png",
		"img_mods": "overlay|images/green50.png",
      },
    ]
  },
  // Slingshot
 {
    "name": "Slingshot",
    "type": "progressive",
    "allow_disabled": false,
    "stages": [
      {
        "img": "images/slingshot.png",
        "img_mods": "@disabled",
        "codes": "slingshot,sling,seeds"
      },
      {
        "img": "images/slingshot.png",
		"img_mods": "overlay|images/30.png",
      },
      {
        "img": "images/slingshot.png",
		"img_mods": "overlay|images/40.png",
      },
      {
        "img": "images/slingshot.png",
		"img_mods": "overlay|images/green50.png",
      },
    ]
  },
  // Deku Nuts
 {
    "name": "Deku Nuts",
    "type": "progressive",
    "allow_disabled": false,
    "stages": [
      {
        "img": "images/nut.png",
        "img_mods": "@disabled",
        "codes": "nuts,dekunuts"
      },
      {
        "img": "images/nut.png",
		"img_mods": "overlay|images/20.png",
      },
      {
        "img": "images/nut.png",
		"img_mods": "overlay|images/30.png",
      },
      {
        "img": "images/nut.png",
		"img_mods": "overlay|images/green40.png",
      },
    ]
  },
  // Stone of Agony
  {
    "name": "Stone of Agony",
    "type": "toggle",
    "img": "images/agony.png",
    "codes": "agony,stoneofagony,stone"
  },
  // Gerudo Membership Card
  {
    "name": "Membership Card",
    "type": "toggle",
    "img": "images/membership.png",
    "codes": "membership,gerudo,card"
  },
  // Fire Arrows
  {
    "name": "Fire Arrows",
    "type": "toggle",
    "img": "images/firearrow.png",
    "codes": "firearrow,firearrows,farrow,farrows"
  },
  // Ice Arrows
  {
    "name": "Ice Arrows",
    "type": "toggle",
    "img": "images/icearrow.png",
    "codes": "icearrow,icearrows,iarrow,iarrows"
  },
  // Light Arrows
  {
    "name": "Light Arrows",
    "type": "toggle",
    "img": "images/lightarrow.png",
    "codes": "lightarrow,lightarrows,larrow,larrows"
  },
  // Magic Beans
  {
    "name": "Magic Beans",
    "type": "toggle",
    "img": "images/bean.png",
    "codes": "beans,magicbeans"
  },
  // Deku Sticks
 {
    "name": "Deku Sticks",
    "type": "progressive",
    "allow_disabled": false,
    "stages": [
      {
        "img": "images/stick.png",
        "img_mods": "@disabled",
        "codes": "sticks,dekusticks,stick,dekustick"
      },
      {
        "img": "images/stick.png",
		"img_mods": "overlay|images/10.png",
      },
      {
        "img": "images/stick.png",
		"img_mods": "overlay|images/20.png",
      },
      {
        "img": "images/stick.png",
		"img_mods": "overlay|images/green30.png",
      },
    ]
  },
  // Bombs
 {
    "name": "Bombs",
    "type": "progressive",
    "allow_disabled": false,
    "stages": [
      {
        "img": "images/bomb.png",
        "img_mods": "@disabled",
        "codes": "bombs,bombbag"
      },
      {
        "img": "images/bomb.png",
		"img_mods": "overlay|images/20.png",
      },
      {
        "img": "images/bomb.png",
		"img_mods": "overlay|images/30.png",
      },
      {
        "img": "images/bomb.png",
		"img_mods": "overlay|images/green40.png",
      },
    ]
  },
  // Boomerang
  {
    "name": "Boomerang",
    "type": "toggle",
    "img": "images/boomerang.png",
    "codes": "boomerang,boomer,rang"
  },
  // Magic
  {
    "name": "Magic",
    "type": "progressive",
	"stages": [
		{
		  "img": "images/magic1.png",
		  "codes": "magic"
		},
		{
		  "img": "images/magic2.png",
		},
	]
  },
  // Hookshot
  {
    "name": "Hookshot",
    "type": "progressive",
	"allow_disabled": false,
	"stages": [
		{
		  "img": "images/hookshotd.png",
		  "img_mods": "@disabled",
		},
		{
		  "img": "images/hookshot.png",
		  "codes": "hookshot,hs"
		},
		{
		  "img": "images/longshot.png",
		  "codes": "longshot,ls"
		},
	]
  },
  // Bombchu
  {
    "name": "Bombchu",
    "type": "toggle",
    "img": "images/bombchu.png",
    "codes": "bombchu"
  },
  // Lens of Truth
  {
    "name": "Lens of Truth",
    "type": "toggle",
    "img": "images/lens.png",
    "codes": "lens,lensoftruth"
  },
  // Din's Fire
  {
    "name": "Din's Fire",
    "type": "toggle",
    "img": "images/din.png",
    "codes": "dinsfire,dins,din"
  },
  // Farore's Wind
  {
    "name": "Farore's Wind",
    "type": "toggle",
    "img": "images/farore.png",
    "codes": "faroreswind,farores,farore"
  },
  // Nayru's Love
  {
    "name": "Nayru's Love",
    "type": "toggle",
    "img": "images/nayru.png",
    "codes": "nayruslove,nayrus"
  },
  // Zelda's Lullaby
  {
    "name": "Zelda's Lullaby",
    "type": "progressive_toggle",
	"stages": [
      {
		"img": "images/zelda.png",
		"codes": "lullaby,zelda",
		"secondary_codes": "checkoff,undo"
	  },
	  {
		"img": "images/zelda.png",
		"img_mods": "overlay|images/check.png",
		"disabled_img": "images/zelda-disabled.png",
        "disabled_img_mods": "overlay|images/check.png",
		"codes": "lullaby,zelda",
		"secondary_codes": "check"
	  },
	]
  },
  // Saria's Song
  {
    "name": "Saria's Song",
    "type": "progressive_toggle",
    "stages": [
      {
		"img": "images/saria.png",
		"codes": "saria",
		"secondary_codes": "checkoff,undo"
	  },
	  {
		"img": "images/saria.png",
		"disabled_img": "images/saria-disabled.png",
		"img_mods": "overlay|images/check.png",
        "disabled_img_mods": "overlay|images/check.png",
		"codes": "saria",
		"secondary_codes": "check"
	  },
	]
  },
  // Epona's Song
  {
    "name": "Epona's Song",
    "type": "progressive_toggle",
    "stages": [
      {
		"img": "images/epona.png",
		"disabled_img": "images/epona.png",
		"codes": "epona",
		"secondary_codes": "checkoff,undo"
	  },
	  {
		"img": "images/epona.png",
		"disabled_img": "images/epona-disabled.png",
        "img_mods": "overlay|images/check.png",
        "disabled_img_mods": "overlay|images/check.png",
		"codes": "epona",
		"secondary_codes": "check"
	  },
	]
  },
  // Sun's Song
  {
    "name": "Sun's Song",
    "type": "progressive_toggle",
    "stages": [
      {
		"img": "images/sunsong.png",
		"codes": "sunsong,sun",
		"disabled_img": "images/sunsong.png",
		"secondary_codes": "checkoff,undo"
	  },
	  {
		"img": "images/sunsong.png",
		"disabled_img": "images/sunsong-disabled.png",
        "img_mods": "overlay|images/check.png",
        "disabled_img_mods": "overlay|images/check.png",
		"codes": "sunsong,sun",
		"secondary_codes": "check"
	  },
	]
  },
  // Song of Time
  {
    "name": "Sun's Song",
    "type": "progressive_toggle",
    "stages": [
      {
		"img": "images/songoftime.png",
		"codes": "songoftime,time",
		"secondary_codes": "checkoff,undo"
	  },
	  {
		"img": "images/songoftime.png",
		"disabled_img": "images/songoftime-disabled.png",
        "img_mods": "overlay|images/check.png",
        "disabled_img_mods": "overlay|images/check.png",
		"codes": "songoftime,time",
		"secondary_codes": "check"
	  },
	]
  },
  // Song of Storms
  {
    "name": "Song of Storms",
    "type": "progressive_toggle",
    "stages": [
      {
		"img": "images/songofstorms.png",
		"codes": "songofstorms,storm,storms",
		"secondary_codes": "checkoff,undo"
	  },
	  {
		"img": "images/songofstorms.png",
		"disabled_img": "images/songofstorms-disabled.png",
        "img_mods": "overlay|images/check.png",
        "disabled_img_mods": "overlay|images/check.png",
		"codes": "songofstorms,storm,storms",
		"secondary_codes": "check"
	  },
	]
  },
  // Minuet of Forest
  {
    "name": "Minuet of Forest",
    "type": "progressive_toggle",
    "stages": [
      {
		"img": "images/green_note.png",
		"disabled_img": "images/green_note.png",
		"codes": "minuet,greennote",
		"secondary_codes": "checkoff,undo"
	  },
	  {
		"img": "images/green_note.png",
		"disabled_img": "images/green_note-disabled.png",
        "img_mods": "overlay|images/check.png",
        "disabled_img_mods": "overlay|images/check.png",
		"codes": "minuet,greennote",
		"secondary_codes": "check"
	  },
	]
  },  
    // Bolero of Fire
  {
    "name": "Bolero of Fire",
    "type": "progressive_toggle",
    "stages": [
      {
		"img": "images/red_note.png",
		"disabled_img": "images/red_note.png",
		"codes": "bolero,rednote",
		"secondary_codes": "checkoff,undo"
	  },
	  {
		"img": "images/red_note.png",
		"disabled_img": "images/red_note-disabled.png",
        "img_mods": "overlay|images/check.png",
        "disabled_img_mods": "overlay|images/check.png",
		"codes": "bolero,rednote",
		"secondary_codes": "check"
	  },
	]
  },
    // Serenade of Water
  {
    "name": "Serenade of Water",
    "type": "progressive_toggle",
    "stages": [
      {
		"img": "images/blue_note.png",
		"codes": "serenade,bluenote",
		"disabled_img": "images/blue_note.png",
		"secondary_codes": "checkoff,undo"
	  },
	  {
		"img": "images/blue_note.png",
		"disabled_img": "images/blue_note-disabled.png",
        "img_mods": "overlay|images/check.png",
        "disabled_img_mods": "overlay|images/check.png",
		"codes": "serenade,bluenote",
		"secondary_codes": "check"
	  },
	]
  },
  // Requiem of Spirit
  {
    "name": "Requiem of Spirit",
    "type": "progressive_toggle",
    "stages": [
      {
		"img": "images/orange_note.png",
		"codes": "requiem,orangenote",
		"secondary_codes": "checkoff,undo"
	  },
	  {
		"img": "images/orange_note.png",
		"disabled_img": "images/orange_note-disabled.png",
        "img_mods": "overlay|images/check.png",
        "disabled_img_mods": "overlay|images/check.png",
		"codes": "requiem,orangenote",
		"secondary_codes": "check"
	  },
	]
  },
  // Nocturne of Shadow
  {
    "name": "Nocturne of Shadow",
    "type": "progressive_toggle",
    "stages": [
      {
		"img": "images/purple_note.png",
		"codes": "nocturne,purplenote",
		"secondary_codes": "checkoff,undo"
	  },
	  {
		"img": "images/purple_note.png",
		"disabled_img": "images/purple_note-disabled.png",
        "img_mods": "overlay|images/check.png",
        "disabled_img_mods": "overlay|images/check.png",
		"codes": "nocturne,purplenote",
		"secondary_codes": "check"
	  },
	]
  },
  // Prelude of Light
  {
    "name": "Prelude of Light",
    "type": "progressive_toggle",
    "stages": [
      {
		"img": "images/yellow_note.png",
		"codes": "prelude,yellownote",
		"secondary_codes": "checkoff,undo"
	  },
	  {
		"img": "images/yellow_note.png",
		"disabled_img": "images/yellow_note-disabled.png",
        "img_mods": "overlay|images/check.png",
        "disabled_img_mods": "overlay|images/check.png",
		"codes": "prelude,yellownote",
		"secondary_codes": "check"
	  },
	]
  },
  // Kokiri Sword
  {
    "name": "Kokiri Sword",
    "type": "toggle",
    "img": "images/sword1.png",
    "codes": "sword1,kokirisword"
  },
  // Master Sword
  {
    "name": "Master Sword",
    "type": "toggle",
    "img": "images/sword2.png",
    "codes": "sword2,mastersword,ms"
  },
  // Biggoron Sword
  {
    "name": "Biggoron Sword",
    "type": "toggle",
    "img": "images/sword3.png",
    "codes": "sword3,biggoronsword"
  },
  // Kokiri Shield
  {
    "name": "Kokiri Shield",
    "type": "toggle",
    "img": "images/shield1.png",
    "codes": "shield1,kokirishield"
  },
  // Hylian Shield
  {
    "name": "Hylian Shield",
    "type": "toggle",
    "img": "images/shield2.png",
    "codes": "shield2,hylianshield"
  },
  // Mirror Shield
  {
    "name": "Mirror Shield",
    "type": "toggle",
    "img": "images/shield3.png",
    "codes": "shield3,mirrorshield"
  },
  // Kokiri Tunic
  {
    "name": "Kokiri Tunic",
    "type": "static",
    "img": "images/greentunic.png",
    "codes": "greentunic"
  },
  // Goron Tunic
  {
    "name": "Goron Tunic",
    "type": "toggle",
	"disabled_img": "images/redtunic.png",
    "img": "images/redtunic.png",
    "codes": "gorontunic,redtunic"
  },
  // Zora Tunic
  {
    "name": "Zora Tunic",
    "type": "toggle",
    "img": "images/bluetunic.png",
	"disabled_img": "images/bluetunic.png",
    "codes": "zoratunic,bluetunic"
  },
    // Goron and Zora Tunics
  {
    "name": "Red and Blue Tunics",
    "type": "composite_toggle",
    "codes": "tunics,bothtunics",
    "item_left": "bluetunic",
    "item_right": "redtunic",
    "images": [
      {
        "left": false,
        "right": false,
        "img": "images/redbluetunic.png",
        "img_mods": "@disabled"
      },
      {
        "left": true,
        "right": false,
        "img": "images/bluetunic-disabled.png"
      },
      {
        "left": false,
        "right": true,
        "img": "images/redtunic-disabled.png"
      },
      {
        "left": true,
        "right": true,
        "img": "images/redbluetunic.png"
      }
    ]
  },
  // Kokiri Boots
  {
    "name": "Kokiri Boots",
    "type": "static",
    "img": "images/kokiriboots.png",
    "codes": "kokiriboots"
  },
  // Iron Boots
  {
    "name": "Iron Boots",
    "type": "toggle",
    "img": "images/ironboots.png",
    "codes": "ironboots,iboots,iron"
  },
  // Hover Boots
  {
    "name": "Hover Boots",
    "type": "toggle",
    "img": "images/hoverboots.png",
    "codes": "hoverboots,hboots,hover"
  },
  // Iron and Hover Boots
  {
    "name": "Iron and Hover Boots",
    "type": "composite_toggle",
    "codes": "boots,bothboots",
    "item_left": "ironboots",
    "item_right": "hoverboots",
    "images": [
      {
        "left": false,
        "right": false,
        "img": "images/boots.png",
        "img_mods": "@disabled"
      },
      {
        "left": true,
        "right": false,
        "img": "images/ironboots-disabled.png"
      },
      {
        "left": false,
        "right": true,
        "img": "images/hoverboots-disabled.png"
      },
      {
        "left": true,
        "right": true,
        "img": "images/boots.png"
      }
    ]
  },
  // Child Trade Sequence
  {
    "name": "Child Trade",
    "type": "progressive",
    "stages": [
      {
        "img": "images/egg.png",
        "codes": "childegg,kidtrade"
      },
      {
        "img": "images/cucco.png",
        "codes": "childcucco"
      },
	  {
        "img": "images/letter.png",
        "codes": "letter"
      },
	  {
        "img": "images/keaton.png",
        "codes": "keaton,keatonmask"
      },
	  {
        "img": "images/skull.png",
        "codes": "skullmask,skull"
      },
	  {
        "img": "images/spooky.png",
        "codes": "spooky,spookymask"
      },
	  {
        "img": "images/bunny.png",
        "codes": "bunny,bunnyhood"
      },
	  {
        "img": "images/truth.png",
        "codes": "truth,maskoftruth"
      },
    ]
  },
  // Adult Trade Sequence
  {
    "name": "Adult Trade",
    "type": "progressive",
    "stages": [
      {
        "img": "images/egg.png",
        "codes": "adultegg,adulttrade"
      },
      {
        "img": "images/cucco.png",
        "codes": "adultcucco,pocketcucco"
      },
	  {
        "img": "images/cojiro.png",
        "codes": "cojiro,bluecucco"
      },
	  {
        "img": "images/mushroom.png",
        "codes": "mushroom,oddmushroom"
      },
	  {
        "img": "images/medicine.png",
        "codes": "oddpotion,oddpoultice,potion"
      },
	  {
        "img": "images/saw.png",
        "codes": "saw,poachersaw"
      },
	  {
        "img": "images/broken_sword.png",
        "codes": "brokensword"
      },
	  {
        "img": "images/perscription.png",
        "codes": "perscription,script"
      },
	  {
        "img": "images/frog.png",
        "codes": "frog,eyeballfrog"
      },
	  {
        "img": "images/eyedrops.png",
        "codes": "eyedrops,drops"
      },
	  {
        "img": "images/claim.png",
        "codes": "claim,claimcheck"
      },
    ]
  },
  // Hammer
  {
    "name": "Hammer",
    "type": "toggle",
    "img": "images/hammer.png",
    "codes": "hammer"
  },
  // Ocarina
  {
    "name": "Ocarina",
    "type": "progressive",
    "stages": [
      {
        "img": "images/fairyocarina.png",
        "codes": "ocarina,fairyocarina,flute"
      },
      {
        "img": "images/ocarina.png"
      }
    ]
  },
 // Bottles
  {
    "name": "Bottle",
    "type": "progressive",
    "loop": true,
    "allow_disabled": false,
    "stages": [
      {
        "img": "images/bottle.png",
        "img_mods": "@disabled"
      },
      {
        "img": "images/bottle.png",
		"img_mods": "overlay|images/1.png",
        "codes": "bottle"
      },
      {
        "img": "images/bottle.png",
		"img_mods": "overlay|images/2.png",
      },
      {
        "img": "images/bottle.png",
		"img_mods": "overlay|images/3.png",
      },
      {
        "img": "images/bottle.png",
		"img_mods": "overlay|images/green4.png",
      }
    ]
  },
  // Note With Bottles
  {
    "name": "Note and Bottles",
    "type": "toggle_badged",
    "base_item": "bottle",
    "img": "images/rutobottle.png",
    "codes": "rutonote"
  },
    // Ruto Bottle
  {
    "name": "Bottle",
    "type": "progressive",
    "stages": [
      {
        "img": "images/bottle.png",
        "codes": "ruto,bottle"
      },
      {
        "img": "images/bottle.png",
		"img_mods": "overlay|images/rutonote.png",
		"codes": "rutonote"
      }
    ]
  },
  // Progressive Gauntlets
  {
    "name": "Gauntlets",
    "type": "progressive",
    "stages": [
      {
        "img": "images/lift1.png",
        "codes": "bracelet,lift1"
      },
      {
        "img": "images/lift2.png",
        "codes": "silvergauntlets,lift2"
      },
	  {
        "img": "images/lift3.png",
        "codes": "goldgauntlets,lift3"
      }
    ]
  },
  // Gold Skulltula Tokens
  {
    "name": "Gold Skulltula Tokens",
    "type": "consumable",
    "img": "images/skulltula.png",
    "codes": "skulltula,goldskulltula,token,skulltoola",
    "max_quantity": 50
  },
    //Gold Skulltula Progressive
  {
    "name": "Tokens Progressive",
    "type": "progressive",
	"allow_disabled": false,
    "stages": [
      {
        "img": "images/skulltula.png",
		"img_mods": "@disabled",
        "codes": "skulltulas"
      },
	  {
        "img": "images/skulltula.png",
		"img_mods": "overlay|images/10.png",
      },
	  {
        "img": "images/skulltula.png",
		"img_mods": "overlay|images/20.png",
      },
	  {
        "img": "images/skulltula.png",
		"img_mods": "overlay|images/30.png",
      },
	  {
        "img": "images/skulltula.png",
		"img_mods": "overlay|images/40.png",
      },
	  {
        "img": "images/skulltula.png",
		"img_mods": "overlay|images/green50.png",
      },
    ]
  },
	
    // Progressive Scales
  {
    "name": "Zora Scales",
    "type": "progressive",
    "stages": [
      {
        "img": "images/scale1.png",
        "codes": "silverscale,scale1"
      },
	  {
        "img": "images/scale2.png",
        "codes": "goldscale,scale2"
      }
    ]
  },
  // Progressive Wallet
  {
    "name": "Wallet",
    "type": "progressive",
	"allow_disabled": false,
    "stages": [
      {
        "img": "images/wallet.png",
        "codes": "wallet"
      },
	  {
        "img": "images/wallet1.png",
      },
	  {
        "img": "images/wallet2.png",
      }
    ]
  }
]