﻿{
  "type": "array",
  "background": "#212121",
  "margin": "10",
  "content": [
    {
      "type": "array",
      "orientation": "vertical",
      "content": [
        {
          "type": "array",
          "orientation": "horizontal",
          "content": [
            {
              "type": "itemgrid",
              "h_alignment": "center",
			  "margin": "2.5,3,2,0",
			  "item_size": 32,
              "item_margin": "2,0,2,10",
              "rows": [
                [ "slingshot", "bombs", "bow", "lift1", "dinsfire","lullaby", "minuet" ],
				[ "ocarina", "boomerang", "hookshot", "scale1", "firearrow", "epona", "bolero" ],
				[ "rutonote", "lens", "hammer", "skulltula", "lightarrow", "saria", "serenade" ],
				[ "sword1", "sword3", "ironboots", "shield1", "agony", "sun", "requiem" ], 
				[ "redtunic", "bluetunic", "hoverboots", "shield2", "kidtrade", "time", "nocturne" ],
              ]
            },
            {
              "type": "array",
              "orientation": "vertical",
              "content": [
                {
                  "type": "array",
                  "orientation": "vertical",
                  "content": [
                    {
						"type": "canvas",
						"width": 32,
						"height": 32,
						"margin": "2,5",
						"content": [
							{
							"type": "item",
							"item": "forest_label",
							"hit_test_visible": false,
							"margin": "0",
							"canvas_depth": 0,
							"width": 32,
							"height": 12
							},
							{
							"type": "item",
							"item": "forest",
							"margin": "0",
							"canvas_depth": 1,
							"canvas_left": 8,
							"canvas_top": 16,
							"width": 16,
							"height": 16
							},
						]
					},
					{
						"type": "canvas",
						"width": 32,
						"height": 32,
						"margin": "2,5",
						"content": [
							{
							"type": "item",
							"item": "fire_label",
							"hit_test_visible": false,
							"margin": "0",
							"canvas_depth": 0,
							"width": 32,
							"height": 12
							},
							{
							"type": "item",
							"item": "fire",
							"margin": "0",
							"canvas_depth": 1,
							"canvas_left": 8,
							"canvas_top": 16,
							"width": 16,
							"height": 16
							},
						]
					},
					{
						"type": "canvas",
						"width": 32,
						"height": 32,
						"margin": "2,5",
						"content": [
							{
							"type": "item",
							"item": "water_label",
							"hit_test_visible": false,
							"margin": "0",
							"canvas_depth": 0,
							"width": 32,
							"height": 12
							},
							{
							"type": "item",
							"item": "water",
							"margin": "0",
							"canvas_depth": 1,
							"canvas_left": 8,
							"canvas_top": 16,
							"width": 16,
							"height": 16
							},
						]
					},
					{
						"type": "canvas",
						"width": 32,
						"height": 32,
						"margin": "2,5",
						"content": [
							{
							"type": "item",
							"item": "spirit_label",
							"hit_test_visible": false,
							"margin": "0",
							"canvas_depth": 0,
							"width": 32,
							"height": 12
							},
							{
							"type": "item",
							"item": "spirit",
							"margin": "0",
							"canvas_depth": 1,
							"canvas_left": 8,
							"canvas_top": 16,
							"width": 16,
							"height": 16
							},
						]
					},
					{
						"type": "canvas",
						"width": 32,
						"height": 32,
						"margin": "2,5",
						"content": [
							{
							"type": "item",
							"item": "shadow_label",
							"hit_test_visible": false,
							"margin": "0",
							"canvas_depth": 0,
							"width": 32,
							"height": 12
							},
							{
							"type": "item",
							"item": "shadow",
							"margin": "0",
							"canvas_depth": 1,
							"canvas_left": 8,
							"canvas_top": 16,
							"width": 16,
							"height": 16
							},
						]
					},
                  ]
                }
              ]
            }
          ]
        },
		{
          "type": "array",
          "orientation": "horizontal",
          "content": [
            {
              "type": "array",
              "orientation": "vertical",
              "content": [
                {
                  "type": "array",
                  "orientation": "horizontal",
                  "content": [
                    {
						"type": "canvas",
						"width": 32,
						"height": 32,
						"margin": "3,0,2,0",
						"content": [
							{
							"type": "item",
							"item": "deku_label",
							"hit_test_visible": false,
							"margin": "0",
							"canvas_depth": 0,
							"width": 32,
							"height": 12
							},
							{
							"type": "item",
							"item": "deku",
							"margin": "0",
							"canvas_depth": 1,
							"canvas_left": 8,
							"canvas_top": 16,
							"width": 16,
							"height": 16
							},
						]
					},
					{
						"type": "canvas",
						"width": 32,
						"height": 32,
						"margin": "2,0",
						"content": [
							{
							"type": "item",
							"item": "dodongo_label",
							"hit_test_visible": false,
							"margin": "0",
							"canvas_depth": 0,
							"width": 32,
							"height": 12
							},
							{
							"type": "item",
							"item": "dodongo",
							"margin": "0",
							"canvas_depth": 1,
							"canvas_left": 8,
							"canvas_top": 16,
							"width": 16,
							"height": 16
							},
						]
					},
					{
						"type": "canvas",
						"width": 32,
						"height": 32,
						"margin": "2,0",
						"content": [
							{
							"type": "item",
							"item": "jabu_label",
							"hit_test_visible": false,
							"margin": "0",
							"canvas_depth": 0,
							"width": 32,
							"height": 12
							},
							{
							"type": "item",
							"item": "jabu",
							"margin": "0",
							"canvas_depth": 1,
							"canvas_left": 8,
							"canvas_top": 16,
							"width": 16,
							"height": 16
							},
                
						]
					},
					{
						"type": "itemgrid",
						"h_alignment": "center",
						"margin": "2,0",
						"item_size": 32,
						"item_margin": "2,0,2,0",
						"rows": [
						[ "shield3", "adulttrade", "storm", "prelude" ],
						]
					},
					{
						"type": "canvas",
						"width": 32,
						"height": 32,
						"margin": "2,0",
						"content": [
							{
							"type": "item",
							"item": "free_label",
							"margin": "0",
							"canvas_depth": 0,
							"width": 32,
							"height": 12
							},
							{
							"type": "item",
							"item": "free",
							"margin": "0",
							"canvas_depth": 1,
							"canvas_left": 8,
							"canvas_top": 16,
							"width": 16,
							"height": 16
							},
                
						]
					},
                  ]
                }
              ]
            }
          ]
        },
      ]
    },
  ]
}

