﻿{
  "map_enabled": true,
  "auto_pin_capturing_locations": false,
  "auto_unpin_on_clear": true,
  "allow_resize": false,
  "layout_swap_left_right": false,
  "disabled_image_filter": "dim,halfdim",
  "layouts": {
    "shared_item_grid": 
	{
      "type": "array",
      "orientation": "vertical",
      "content": [
        {
          "type": "array",
          "orientation": "horizontal",
          "content": [
            {
              "type": "itemgrid",
              "h_alignment": "center",
			  "item_size": 32,
              "item_margin": "2,5",
              "rows": [
                [ "slingshot", "bombs", "bow", "firearrow", "dinsfire","lullaby", "minuet" ],
				[ "ocarina", "boomerang", "hookshot", "icearrow", "faroreswind", "epona", "bolero" ],
				[ "rutonote", "lens", "hammer", "lightarrow", "nayruslove", "saria", "serenade" ],
				[ "sword1", "sword3", "ironboots", "lift1", "agony", "sun", "requiem" ], 
				[ "redtunic", "bluetunic", "hoverboots", "scale1", "kidtrade", "time", "nocturne" ],
				[ "shield1", "shield2", "shield3", "skulltula", "adulttrade", "storm", "prelude" ],
              ]
            },
            {
              "type": "array",
              "orientation": "vertical",
              "content": [
                {
                  "type": "array",
                  "orientation": "vertical",
                  "content": [
                    {
						"type": "canvas",
						"width": 32,
						"height": 32,
						"margin": "2,5",
						"content": [
							{
							"type": "item",
							"item": "forest_label",
							"hit_test_visible": false,
							"margin": "0",
							"canvas_depth": 0,
							"width": 32,
							"height": 12
							},
							{
							"type": "item",
							"item": "forest",
							"margin": "0",
							"canvas_depth": 1,
							"canvas_left": 16,
							"canvas_top": 16,
							"width": 16,
							"height": 16
							},
							{
							"type": "item",
							"item": "forest_treasures",
							"margin": "0",
							"canvas_depth": 1,
							"canvas_left": 0,
							"canvas_top": 16,
							"width": 16,
							"height": 16
							},
                
						]
					},
					{
						"type": "canvas",
						"width": 32,
						"height": 32,
						"margin": "2,5",
						"content": [
							{
							"type": "item",
							"item": "fire_label",
							"hit_test_visible": false,
							"margin": "0",
							"canvas_depth": 0,
							"width": 32,
							"height": 12
							},
							{
							"type": "item",
							"item": "fire",
							"margin": "0",
							"canvas_depth": 1,
							"canvas_left": 16,
							"canvas_top": 16,
							"width": 16,
							"height": 16
							},
							{
							"type": "item",
							"item": "fire_treasures",
							"margin": "0",
							"canvas_depth": 1,
							"canvas_left": 0,
							"canvas_top": 16,
							"width": 16,
							"height": 16
							},
                
						]
					},
					{
						"type": "canvas",
						"width": 32,
						"height": 32,
						"margin": "2,5",
						"content": [
							{
							"type": "item",
							"item": "water_label",
							"hit_test_visible": false,
							"margin": "0",
							"canvas_depth": 0,
							"width": 32,
							"height": 12
							},
							{
							"type": "item",
							"item": "water",
							"margin": "0",
							"canvas_depth": 1,
							"canvas_left": 16,
							"canvas_top": 16,
							"width": 16,
							"height": 16
							},
							{
							"type": "item",
							"item": "water_treasures",
							"margin": "0",
							"canvas_depth": 1,
							"canvas_left": 0,
							"canvas_top": 16,
							"width": 16,
							"height": 16
							},
                
						]
					},
					{
						"type": "canvas",
						"width": 32,
						"height": 32,
						"margin": "2,5",
						"content": [
							{
							"type": "item",
							"item": "spirit_label",
							"hit_test_visible": false,
							"margin": "0",
							"canvas_depth": 0,
							"width": 32,
							"height": 12
							},
							{
							"type": "item",
							"item": "spirit",
							"margin": "0",
							"canvas_depth": 1,
							"canvas_left": 16,
							"canvas_top": 16,
							"width": 16,
							"height": 16
							},
							{
							"type": "item",
							"item": "spirit_treasures",
							"margin": "0",
							"canvas_depth": 1,
							"canvas_left": 0,
							"canvas_top": 16,
							"width": 20,
							"height": 16
							},
                
						]
					},
					{
						"type": "canvas",
						"width": 32,
						"height": 32,
						"margin": "2,5",
						"content": [
							{
							"type": "item",
							"item": "shadow_label",
							"hit_test_visible": false,
							"margin": "0",
							"canvas_depth": 0,
							"width": 32,
							"height": 12
							},
							{
							"type": "item",
							"item": "shadow",
							"margin": "0",
							"canvas_depth": 1,
							"canvas_left": 16,
							"canvas_top": 16,
							"width": 16,
							"height": 16
							},
							{
							"type": "item",
							"item": "shadow_treasures",
							"margin": "0",
							"canvas_depth": 1,
							"canvas_left": 0,
							"canvas_top": 16,
							"width": 20,
							"height": 16
							},
                
						]
					},
					{
						"type": "canvas",
						"width": 32,
						"height": 32,
						"margin": "2,5",
						"content": [
							{
							"type": "item",
							"item": "free_label",
							"margin": "0",
							"canvas_depth": 0,
							"width": 32,
							"height": 12
							},
							{
							"type": "item",
							"item": "free",
							"margin": "0",
							"canvas_depth": 1,
							"canvas_left": 16,
							"canvas_top": 16,
							"width": 16,
							"height": 16
							},
                
						]
					},
                  ]
                }
              ]
            }
          ]
        },
		{
          "type": "array",
          "orientation": "horizontal",
          "content": [
            {
              "type": "array",
              "orientation": "vertical",
              "content": [
                {
                  "type": "array",
                  "orientation": "horizontal",
                  "content": [
                    {
						"type": "canvas",
						"width": 32,
						"height": 32,
						"margin": "3,5",
						"content": [
							{
							"type": "item",
							"item": "deku_label",
							"hit_test_visible": false,
							"margin": "0",
							"canvas_depth": 0,
							"width": 32,
							"height": 12
							},
							{
							"type": "item",
							"item": "deku",
							"margin": "0",
							"canvas_depth": 1,
							"canvas_left": 16,
							"canvas_top": 16,
							"width": 16,
							"height": 16
							},
							{
							"type": "item",
							"item": "deku_treasures",
							"margin": "0",
							"canvas_depth": 1,
							"canvas_left": 0,
							"canvas_top": 16,
							"width": 16,
							"height": 16
							},
						]
					},
					{
						"type": "canvas",
						"width": 32,
						"height": 32,
						"margin": "3,5",
						"content": [
							{
							"type": "item",
							"item": "dodongo_label",
							"hit_test_visible": false,
							"margin": "0",
							"canvas_depth": 0,
							"width": 32,
							"height": 12
							},
							{
							"type": "item",
							"item": "dodongo",
							"margin": "0",
							"canvas_depth": 1,
							"canvas_left": 16,
							"canvas_top": 16,
							"width": 16,
							"height": 16
							},
							{
							"type": "item",
							"item": "dodongo_treasures",
							"margin": "0",
							"canvas_depth": 0,
							"canvas_top": 16,
							"width": 16,
							"height": 16
							},
						]
					},
					{
						"type": "canvas",
						"width": 32,
						"height": 32,
						"margin": "3,5",
						"content": [
							{
							"type": "item",
							"item": "jabu_label",
							"hit_test_visible": false,
							"margin": "0",
							"canvas_depth": 0,
							"width": 32,
							"height": 12
							},
							{
							"type": "item",
							"item": "jabu",
							"margin": "0",
							"canvas_depth": 1,
							"canvas_left": 16,
							"canvas_top": 16,
							"width": 16,
							"height": 16
							},
							{
							"type": "item",
							"item": "jabu_treasures",
							"margin": "0",
							"canvas_depth": 0,
							"canvas_top": 16,
							"width": 16,
							"height": 16
							},
                
						]
					},
					{
						"type": "canvas",
						"width": 32,
						"height": 32,
						"margin": "2,5",
						"content": [
							{
							"type": "item",
							"item": "ice_label",
							"hit_test_visible": false,
							"margin": "0",
							"canvas_depth": 0,
							"width": 32,
							"height": 12
							},
							{
							"type": "item",
							"item": "ice_treasures",
							"margin": "0",
							"canvas_depth": 0,
							"canvas_top": 16,
							"canvas_left": 8,
							"width": 16,
							"height": 16
							},
                
						]
					},
					{
						"type": "canvas",
						"width": 32,
						"height": 32,
						"margin": "2,5",
						"content": [
							{
							"type": "item",
							"item": "well_label",
							"hit_test_visible": false,
							"margin": "0",
							"canvas_depth": 0,
							"width": 32,
							"height": 12
							},
							{
							"type": "item",
							"item": "well_treasures",
							"margin": "0",
							"canvas_depth": 0,
							"canvas_top": 16,
							"canvas_left": 4,
							"width": 20,
							"height": 16
							},
                
						]
					},
					{
						"type": "canvas",
						"width": 32,
						"height": 32,
						"margin": "2,5",
						"content": [
							{
							"type": "item",
							"item": "gerudo_label",
							"hit_test_visible": false,
							"margin": "0",
							"canvas_depth": 0,
							"width": 32,
							"height": 12
							},
							{
							"type": "item",
							"item": "gerudo_treasures",
							"margin": "0",
							"canvas_depth": 0,
							"canvas_top": 16,
							"canvas_left": 6,
							"width": 20,
							"height": 16
							},
                
						]
					},
					{
						"type": "canvas",
						"width": 32,
						"height": 32,
						"margin": "2,5",
						"content": [
							{
							"type": "item",
							"item": "ganon_label",
							"hit_test_visible": false,
							"margin": "0",
							"canvas_depth": 0,
							"width": 32,
							"height": 12
							},
							{
							"type": "item",
							"item": "ganon_treasures",
							"margin": "0",
							"canvas_depth": 0,
							"canvas_top": 16,
							"canvas_left": 6,
							"width": 20,
							"height": 16
							},
                
						]
					},
                  ]
                }
              ]
            }
          ]
        },
      ]
    },
    "tracker_default": {
      "type": "container",
      "width": 320,
      //"height": 250,
      "background": "#212121",
      "content": {
        "type": "layout",
        "dropshadow": true,
        "margin": 10,
        "key": "shared_item_grid"
      }
    }
  }
}
